split,budget,comparison,metric,mean,ci95,lower95,upper95,n
low_signal_common_sense_stress,0.00,risk_bounded_executable_common_sense_tests_v5_minus_human_oracle_query_policy,coverage,0.025694444444444457,0.13380875278423876,-0.1081143083397943,0.15950319722868322,10
low_signal_common_sense_stress,0.00,risk_bounded_executable_common_sense_tests_v5_minus_human_oracle_query_policy,accepted_success,0.21122852822005364,0.18864410817669666,0.02258442004335698,0.3998726363967503,10
low_signal_common_sense_stress,0.00,risk_bounded_executable_common_sense_tests_v5_minus_human_oracle_query_policy,accepted_safety_violation,-0.12864199288388678,0.23921431368549587,-0.3678563065693826,0.11057232080160909,10
low_signal_common_sense_stress,0.00,risk_bounded_executable_common_sense_tests_v5_minus_human_oracle_query_policy,accepted_damage,0.006666666666666666,0.013066666666666664,-0.006399999999999998,0.019733333333333332,10
low_signal_common_sense_stress,0.00,risk_bounded_executable_common_sense_tests_v5_minus_human_oracle_query_policy,accepted_regret,-0.04092163267007008,0.04442076784935172,-0.0853424005194218,0.0034991351792816386,10
low_signal_common_sense_stress,0.00,risk_bounded_executable_common_sense_tests_v5_minus_human_oracle_query_policy,accepted_utility,0.4304499453186079,0.286099596165274,0.14435034915333395,0.7165495414838818,10
low_signal_common_sense_stress,0.00,risk_bounded_executable_common_sense_tests_v5_minus_active_perception_planner,coverage,0.30069444444444443,0.07077050651158802,0.22992393793285643,0.37146495095603244,10
low_signal_common_sense_stress,0.00,risk_bounded_executable_common_sense_tests_v5_minus_active_perception_planner,accepted_success,0.6895833333333333,0.29561190069639165,0.3939714326369417,0.985195234029725,10
low_signal_common_sense_stress,0.00,risk_bounded_executable_common_sense_tests_v5_minus_active_perception_planner,accepted_safety_violation,0.059130434782608696,0.11589565217391305,-0.05676521739130436,0.17502608695652175,10
low_signal_common_sense_stress,0.00,risk_bounded_executable_common_sense_tests_v5_minus_active_perception_planner,accepted_damage,0.006666666666666666,0.013066666666666664,-0.006399999999999998,0.019733333333333332,10
low_signal_common_sense_stress,0.00,risk_bounded_executable_common_sense_tests_v5_minus_active_perception_planner,accepted_regret,0.019798564198331446,0.015745755941179534,0.004052808257151912,0.035544320139510976,10
low_signal_common_sense_stress,0.00,risk_bounded_executable_common_sense_tests_v5_minus_active_perception_planner,accepted_utility,0.578720089716756,0.2805365194659422,0.2981835702508138,0.8592566091826983,10
low_signal_common_sense_stress,0.00,risk_bounded_executable_common_sense_tests_v5_minus_conformal_risk_filter,coverage,-0.030902777777777793,0.10618726553094607,-0.13709004330872387,0.07528448775316827,10
low_signal_common_sense_stress,0.00,risk_bounded_executable_common_sense_tests_v5_minus_conformal_risk_filter,accepted_success,0.07535650623885919,0.09315226423328282,-0.017795757994423636,0.16850877047214202,10
low_signal_common_sense_stress,0.00,risk_bounded_executable_common_sense_tests_v5_minus_conformal_risk_filter,accepted_safety_violation,-0.030661732563808202,0.1456822885788267,-0.1763440211426349,0.1150205560150185,10
low_signal_common_sense_stress,0.00,risk_bounded_executable_common_sense_tests_v5_minus_conformal_risk_filter,accepted_damage,0.006666666666666666,0.013066666666666664,-0.006399999999999998,0.019733333333333332,10
low_signal_common_sense_stress,0.00,risk_bounded_executable_common_sense_tests_v5_minus_conformal_risk_filter,accepted_regret,-0.06411227921315378,0.03884359288361296,-0.10295587209676674,-0.025268686329540824,10
low_signal_common_sense_stress,0.00,risk_bounded_executable_common_sense_tests_v5_minus_conformal_risk_filter,accepted_utility,0.16914174317056258,0.21831461065840504,-0.04917286748784247,0.3874563538289676,10
low_signal_common_sense_stress,0.00,risk_bounded_executable_common_sense_tests_v5_minus_policy_repair_from_failed_rollouts,coverage,0.30694444444444446,0.06769313995409722,0.23925130449034726,0.37463758439854167,10
low_signal_common_sense_stress,0.00,risk_bounded_executable_common_sense_tests_v5_minus_policy_repair_from_failed_rollouts,accepted_success,0.7895833333333333,0.27536525827155994,0.5142180750617733,1.0649485916048933,10
low_signal_common_sense_stress,0.00,risk_bounded_executable_common_sense_tests_v5_minus_policy_repair_from_failed_rollouts,accepted_safety_violation,0.059130434782608696,0.11589565217391305,-0.05676521739130436,0.17502608695652175,10
low_signal_common_sense_stress,0.00,risk_bounded_executable_common_sense_tests_v5_minus_policy_repair_from_failed_rollouts,accepted_damage,0.006666666666666666,0.013066666666666664,-0.006399999999999998,0.019733333333333332,10
low_signal_common_sense_stress,0.00,risk_bounded_executable_common_sense_tests_v5_minus_policy_repair_from_failed_rollouts,accepted_regret,0.008347664198331444,0.01423859734345515,-0.005890933145123706,0.022586261541786595,10
low_signal_common_sense_stress,0.00,risk_bounded_executable_common_sense_tests_v5_minus_policy_repair_from_failed_rollouts,accepted_utility,0.6995971508278671,0.3400984371456806,0.3594987136821865,1.0396955879735477,10
low_signal_common_sense_stress,0.00,risk_bounded_executable_common_sense_tests_v5_minus_executable_common_sense_tests_v4,coverage,0.28368055555555555,0.07568867077878472,0.20799188477677083,0.35936922633434026,10
low_signal_common_sense_stress,0.00,risk_bounded_executable_common_sense_tests_v5_minus_executable_common_sense_tests_v4,accepted_success,0.4895833333333333,0.33402731577699624,0.15555601755633708,0.8236106491103296,10
low_signal_common_sense_stress,0.00,risk_bounded_executable_common_sense_tests_v5_minus_executable_common_sense_tests_v4,accepted_safety_violation,0.059130434782608696,0.11589565217391305,-0.05676521739130436,0.17502608695652175,10
low_signal_common_sense_stress,0.00,risk_bounded_executable_common_sense_tests_v5_minus_executable_common_sense_tests_v4,accepted_damage,0.006666666666666666,0.013066666666666664,-0.006399999999999998,0.019733333333333332,10
low_signal_common_sense_stress,0.00,risk_bounded_executable_common_sense_tests_v5_minus_executable_common_sense_tests_v4,accepted_regret,0.0004240344364266839,0.02909406308660381,-0.028670028650177128,0.029518097523030494,10
low_signal_common_sense_stress,0.00,risk_bounded_executable_common_sense_tests_v5_minus_executable_common_sense_tests_v4,accepted_utility,0.39409136868501005,0.31160744386970884,0.0824839248153012,0.7056988125547189,10
low_signal_common_sense_stress,0.05,risk_bounded_executable_common_sense_tests_v5_minus_human_oracle_query_policy,coverage,-0.00798611111111112,0.16939029448710044,-0.17737640559821155,0.16140418337598933,10
low_signal_common_sense_stress,0.05,risk_bounded_executable_common_sense_tests_v5_minus_human_oracle_query_policy,accepted_success,0.15022779478473386,0.14030993602867337,0.009917858756060494,0.2905377308134072,10
low_signal_common_sense_stress,0.05,risk_bounded_executable_common_sense_tests_v5_minus_human_oracle_query_policy,accepted_safety_violation,-0.11677250620531882,0.2602793804648644,-0.3770518866701832,0.14350687425954556,10
low_signal_common_sense_stress,0.05,risk_bounded_executable_common_sense_tests_v5_minus_human_oracle_query_policy,accepted_damage,0.005555555555555555,0.010888888888888887,-0.005333333333333332,0.016444444444444442,10
low_signal_common_sense_stress,0.05,risk_bounded_executable_common_sense_tests_v5_minus_human_oracle_query_policy,accepted_regret,-0.058892588464119475,0.044055107200969605,-0.10294769566508907,-0.01483748126314987,10
low_signal_common_sense_stress,0.05,risk_bounded_executable_common_sense_tests_v5_minus_human_oracle_query_policy,accepted_utility,0.3657057832093232,0.4180786167814084,-0.05237283357208522,0.7837843999907316,10
low_signal_common_sense_stress,0.05,risk_bounded_executable_common_sense_tests_v5_minus_active_perception_planner,coverage,0.2795138888888889,0.1177238718393909,0.161790017049498,0.39723776072827977,10
low_signal_common_sense_stress,0.05,risk_bounded_executable_common_sense_tests_v5_minus_active_perception_planner,accepted_success,0.4492384509429964,0.3500139471867451,0.0992245037562513,0.7992523981297415,10
low_signal_common_sense_stress,0.05,risk_bounded_executable_common_sense_tests_v5_minus_active_perception_planner,accepted_safety_violation,0.06832209758462847,0.13798391966734247,-0.069661822082714,0.20630601725197095,10
low_signal_common_sense_stress,0.05,risk_bounded_executable_common_sense_tests_v5_minus_active_perception_planner,accepted_damage,-0.011393596986817325,0.03609077224401721,-0.04748436923083453,0.024697175257199885,10
low_signal_common_sense_stress,0.05,risk_bounded_executable_common_sense_tests_v5_minus_active_perception_planner,accepted_regret,0.021017568884728197,0.017841880744268325,0.0031756881404598723,0.038859449628996526,10
low_signal_common_sense_stress,0.05,risk_bounded_executable_common_sense_tests_v5_minus_active_perception_planner,accepted_utility,0.35712283251782057,0.3481959546050238,0.008926877912796782,0.7053187871228443,10
low_signal_common_sense_stress,0.05,risk_bounded_executable_common_sense_tests_v5_minus_conformal_risk_filter,coverage,-0.10833333333333334,0.1831519302215943,-0.29148526355492765,0.07481859688826095,10
low_signal_common_sense_stress,0.05,risk_bounded_executable_common_sense_tests_v5_minus_conformal_risk_filter,accepted_success,0.12573912790210287,0.13536909324757743,-0.009629965345474556,0.2611082211496803,10
low_signal_common_sense_stress,0.05,risk_bounded_executable_common_sense_tests_v5_minus_conformal_risk_filter,accepted_safety_violation,-0.03483893662111644,0.13786072830665386,-0.17269966492777028,0.10302179168553742,10
low_signal_common_sense_stress,0.05,risk_bounded_executable_common_sense_tests_v5_minus_conformal_risk_filter,accepted_damage,0.005555555555555555,0.010888888888888887,-0.005333333333333332,0.016444444444444442,10
low_signal_common_sense_stress,0.05,risk_bounded_executable_common_sense_tests_v5_minus_conformal_risk_filter,accepted_regret,-0.06526891611234022,0.041682334188900175,-0.10695125030124039,-0.023586581923440042,10
low_signal_common_sense_stress,0.05,risk_bounded_executable_common_sense_tests_v5_minus_conformal_risk_filter,accepted_utility,0.21093977429347857,0.22935277354518213,-0.01841299925170356,0.4402925478386607,10
low_signal_common_sense_stress,0.05,risk_bounded_executable_common_sense_tests_v5_minus_policy_repair_from_failed_rollouts,coverage,0.29618055555555556,0.10001594319495057,0.196164612360605,0.3961964987505061,10
low_signal_common_sense_stress,0.05,risk_bounded_executable_common_sense_tests_v5_minus_policy_repair_from_failed_rollouts,accepted_success,0.5492384509429964,0.313399682623451,0.23583876831954537,0.8626381335664475,10
low_signal_common_sense_stress,0.05,risk_bounded_executable_common_sense_tests_v5_minus_policy_repair_from_failed_rollouts,accepted_safety_violation,0.08527125012700135,0.12923681980053411,-0.04396556967353277,0.21450806992753546,10
low_signal_common_sense_stress,0.05,risk_bounded_executable_common_sense_tests_v5_minus_policy_repair_from_failed_rollouts,accepted_damage,0.005555555555555555,0.010888888888888887,-0.005333333333333332,0.016444444444444442,10
low_signal_common_sense_stress,0.05,risk_bounded_executable_common_sense_tests_v5_minus_policy_repair_from_failed_rollouts,accepted_regret,0.022775055676950182,0.01869670470984162,0.004078350967108561,0.0414717603867918,10
low_signal_common_sense_stress,0.05,risk_bounded_executable_common_sense_tests_v5_minus_policy_repair_from_failed_rollouts,accepted_utility,0.4165984410874159,0.36643289843059046,0.050165542656825435,0.7830313395180064,10
low_signal_common_sense_stress,0.05,risk_bounded_executable_common_sense_tests_v5_minus_executable_common_sense_tests_v4,coverage,0.19826388888888888,0.11554511513925882,0.08271877374963006,0.3138090040281477,10
low_signal_common_sense_stress,0.05,risk_bounded_executable_common_sense_tests_v5_minus_executable_common_sense_tests_v4,accepted_success,0.0795414812460267,0.18617586635393452,-0.10663438510790782,0.26571734759996124,10
low_signal_common_sense_stress,0.05,risk_bounded_executable_common_sense_tests_v5_minus_executable_common_sense_tests_v4,accepted_safety_violation,0.06708943194518316,0.13663278381465188,-0.06954335186946872,0.20372221575983504,10
low_signal_common_sense_stress,0.05,risk_bounded_executable_common_sense_tests_v5_minus_executable_common_sense_tests_v4,accepted_damage,0.005555555555555555,0.010888888888888887,-0.005333333333333332,0.016444444444444442,10
low_signal_common_sense_stress,0.05,risk_bounded_executable_common_sense_tests_v5_minus_executable_common_sense_tests_v4,accepted_regret,0.005774443490331951,0.04049314699884362,-0.03471870350851167,0.04626759048917557,10
low_signal_common_sense_stress,0.05,risk_bounded_executable_common_sense_tests_v5_minus_executable_common_sense_tests_v4,accepted_utility,-0.022396647357298717,0.27376418995640656,-0.2961608373137053,0.2513675425991078,10
low_signal_common_sense_stress,0.10,risk_bounded_executable_common_sense_tests_v5_minus_human_oracle_query_policy,coverage,0.02534722222222221,0.18444339051507974,-0.15909616829285753,0.20979061273730196,10
low_signal_common_sense_stress,0.10,risk_bounded_executable_common_sense_tests_v5_minus_human_oracle_query_policy,accepted_success,0.15313482870744488,0.13840372481001673,0.014731103897428155,0.2915385535174616,10
low_signal_common_sense_stress,0.10,risk_bounded_executable_common_sense_tests_v5_minus_human_oracle_query_policy,accepted_safety_violation,-0.14413996918599747,0.2593391713718091,-0.4034791405578066,0.11519920218581164,10
low_signal_common_sense_stress,0.10,risk_bounded_executable_common_sense_tests_v5_minus_human_oracle_query_policy,accepted_damage,-0.003069721039100572,0.015679510694387912,-0.018749231733488483,0.012609789655287341,10
low_signal_common_sense_stress,0.10,risk_bounded_executable_common_sense_tests_v5_minus_human_oracle_query_policy,accepted_regret,-0.06923910999612451,0.0427805174976209,-0.11201962749374542,-0.02645859249850361,10
low_signal_common_sense_stress,0.10,risk_bounded_executable_common_sense_tests_v5_minus_human_oracle_query_policy,accepted_utility,0.4140968280404693,0.370563546529696,0.04353328151077335,0.7846603745701652,10
low_signal_common_sense_stress,0.10,risk_bounded_executable_common_sense_tests_v5_minus_active_perception_planner,coverage,0.3052083333333333,0.17192152843213987,0.13328680490119343,0.4771298617654732,10
low_signal_common_sense_stress,0.10,risk_bounded_executable_common_sense_tests_v5_minus_active_perception_planner,accepted_success,0.12792283588355946,0.2550205511145443,-0.12709771523098484,0.38294338699810376,10
low_signal_common_sense_stress,0.10,risk_bounded_executable_common_sense_tests_v5_minus_active_perception_planner,accepted_safety_violation,0.004813392938208141,0.08797968851020141,-0.08316629557199327,0.09279308144840955,10
low_signal_common_sense_stress,0.10,risk_bounded_executable_common_sense_tests_v5_minus_active_perception_planner,accepted_damage,-0.029440557143326433,0.06604327357253198,-0.09548383071585842,0.036602716429205547,10
low_signal_common_sense_stress,0.10,risk_bounded_executable_common_sense_tests_v5_minus_active_perception_planner,accepted_regret,-0.039308495015059716,0.032166641288215184,-0.0714751363032749,-0.007141853726844533,10
low_signal_common_sense_stress,0.10,risk_bounded_executable_common_sense_tests_v5_minus_active_perception_planner,accepted_utility,0.1764217671143327,0.20398631776291765,-0.027564550648584957,0.3804080848772503,10
low_signal_common_sense_stress,0.10,risk_bounded_executable_common_sense_tests_v5_minus_conformal_risk_filter,coverage,-0.0701388888888889,0.2034541166680174,-0.2735930055569063,0.13331522777912852,10
low_signal_common_sense_stress,0.10,risk_bounded_executable_common_sense_tests_v5_minus_conformal_risk_filter,accepted_success,0.15502997484740494,0.13805509755212333,0.016974877295281604,0.2930850723995283,10
low_signal_common_sense_stress,0.10,risk_bounded_executable_common_sense_tests_v5_minus_conformal_risk_filter,accepted_safety_violation,-0.037215827124483854,0.11810842681651337,-0.15532425394099722,0.08089259969202953,10
low_signal_common_sense_stress,0.10,risk_bounded_executable_common_sense_tests_v5_minus_conformal_risk_filter,accepted_damage,0.0036529680365296802,0.007159817351598173,-0.003506849315068493,0.010812785388127853,10
low_signal_common_sense_stress,0.10,risk_bounded_executable_common_sense_tests_v5_minus_conformal_risk_filter,accepted_regret,-0.07522898288027256,0.03775843640163229,-0.11298741928190485,-0.037470546478640274,10
low_signal_common_sense_stress,0.10,risk_bounded_executable_common_sense_tests_v5_minus_conformal_risk_filter,accepted_utility,0.2550140213865965,0.20073861419506112,0.054275407191535396,0.45575263558165763,10
low_signal_common_sense_stress,0.10,risk_bounded_executable_common_sense_tests_v5_minus_policy_repair_from_failed_rollouts,coverage,0.37604166666666666,0.12702508624343023,0.24901658042323643,0.503066752910097,10
low_signal_common_sense_stress,0.10,risk_bounded_executable_common_sense_tests_v5_minus_policy_repair_from_failed_rollouts,accepted_success,0.1287492821645512,0.2691795869574143,-0.1404303047928631,0.39792886912196546,10
low_signal_common_sense_stress,0.10,risk_bounded_executable_common_sense_tests_v5_minus_policy_repair_from_failed_rollouts,accepted_safety_violation,0.07063575016783573,0.13840687680661218,-0.06777112663877645,0.20904262697444792,10
low_signal_common_sense_stress,0.10,risk_bounded_executable_common_sense_tests_v5_minus_policy_repair_from_failed_rollouts,accepted_damage,0.0036529680365296802,0.007159817351598173,-0.003506849315068493,0.010812785388127853,10
low_signal_common_sense_stress,0.10,risk_bounded_executable_common_sense_tests_v5_minus_policy_repair_from_failed_rollouts,accepted_regret,-0.014216085522553304,0.03740428050108711,-0.05162036602364041,0.023188194978533805,10
low_signal_common_sense_stress,0.10,risk_bounded_executable_common_sense_tests_v5_minus_policy_repair_from_failed_rollouts,accepted_utility,0.03810251888248058,0.3344667640175948,-0.2963642451351142,0.37256928290007535,10
low_signal_common_sense_stress,0.10,risk_bounded_executable_common_sense_tests_v5_minus_executable_common_sense_tests_v4,coverage,0.23298611111111112,0.13659213228072292,0.0963939788303882,0.36957824339183404,10
low_signal_common_sense_stress,0.10,risk_bounded_executable_common_sense_tests_v5_minus_executable_common_sense_tests_v4,accepted_success,0.15841467295084735,0.1814292871528373,-0.02301461420198994,0.3398439601036847,10
low_signal_common_sense_stress,0.10,risk_bounded_executable_common_sense_tests_v5_minus_executable_common_sense_tests_v4,accepted_safety_violation,0.030771223145037944,0.17801475751424292,-0.14724353436920498,0.20878598065928086,10
low_signal_common_sense_stress,0.10,risk_bounded_executable_common_sense_tests_v5_minus_executable_common_sense_tests_v4,accepted_damage,0.0036529680365296802,0.007159817351598173,-0.003506849315068493,0.010812785388127853,10
low_signal_common_sense_stress,0.10,risk_bounded_executable_common_sense_tests_v5_minus_executable_common_sense_tests_v4,accepted_regret,-0.012748887001537028,0.0420404991944279,-0.05478938619596493,0.02929161219289087,10
low_signal_common_sense_stress,0.10,risk_bounded_executable_common_sense_tests_v5_minus_executable_common_sense_tests_v4,accepted_utility,0.12688372545479687,0.29612093437631487,-0.169237208921518,0.42300465983111174,10
low_signal_common_sense_stress,0.15,risk_bounded_executable_common_sense_tests_v5_minus_human_oracle_query_policy,coverage,0.013541666666666684,0.18865687962889138,-0.1751152129622247,0.20219854629555806,10
low_signal_common_sense_stress,0.15,risk_bounded_executable_common_sense_tests_v5_minus_human_oracle_query_policy,accepted_success,0.14578251081237126,0.1587919108125499,-0.01300940000017864,0.30457442162492115,10
low_signal_common_sense_stress,0.15,risk_bounded_executable_common_sense_tests_v5_minus_human_oracle_query_policy,accepted_safety_violation,-0.11856227324355148,0.2564046803151778,-0.37496695355872933,0.13784240707162634,10
low_signal_common_sense_stress,0.15,risk_bounded_executable_common_sense_tests_v5_minus_human_oracle_query_policy,accepted_damage,-0.013291139240506329,0.034042774829023355,-0.047333914069529685,0.020751635588517024,10
low_signal_common_sense_stress,0.15,risk_bounded_executable_common_sense_tests_v5_minus_human_oracle_query_policy,accepted_regret,-0.06421318873424825,0.03610688168680194,-0.10032007042105019,-0.028106307047446308,10
low_signal_common_sense_stress,0.15,risk_bounded_executable_common_sense_tests_v5_minus_human_oracle_query_policy,accepted_utility,0.38163449652833725,0.31575858186849753,0.06587591465983972,0.6973930783968347,10
low_signal_common_sense_stress,0.15,risk_bounded_executable_common_sense_tests_v5_minus_active_perception_planner,coverage,0.27361111111111114,0.19698997671436463,0.0766211343967465,0.4706010878254758,10
low_signal_common_sense_stress,0.15,risk_bounded_executable_common_sense_tests_v5_minus_active_perception_planner,accepted_success,0.1273582186314385,0.22192525746482675,-0.09456703883338824,0.34928347609626526,10
low_signal_common_sense_stress,0.15,risk_bounded_executable_common_sense_tests_v5_minus_active_perception_planner,accepted_safety_violation,-0.028168659517312913,0.10153737009281803,-0.12970602961013095,0.07336871057550512,10
low_signal_common_sense_stress,0.15,risk_bounded_executable_common_sense_tests_v5_minus_active_perception_planner,accepted_damage,-0.03019090614027323,0.06684946019851362,-0.09704036633878685,0.036658554058240395,10
low_signal_common_sense_stress,0.15,risk_bounded_executable_common_sense_tests_v5_minus_active_perception_planner,accepted_regret,-0.04354644655861844,0.03582008413391112,-0.07936653069252955,-0.007726362424707318,10
low_signal_common_sense_stress,0.15,risk_bounded_executable_common_sense_tests_v5_minus_active_perception_planner,accepted_utility,0.20545773778988521,0.21648667372363617,-0.011028935933750955,0.42194441151352136,10
low_signal_common_sense_stress,0.15,risk_bounded_executable_common_sense_tests_v5_minus_conformal_risk_filter,coverage,-0.19791666666666666,0.18014665355397,-0.37806332022063666,-0.01777001311269666,10
low_signal_common_sense_stress,0.15,risk_bounded_executable_common_sense_tests_v5_minus_conformal_risk_filter,accepted_success,0.04031015911223381,0.13078629922156557,-0.09047614010933175,0.17109645833379938,10
low_signal_common_sense_stress,0.15,risk_bounded_executable_common_sense_tests_v5_minus_conformal_risk_filter,accepted_safety_violation,-0.024271698927698072,0.08856223213269772,-0.1128339310603958,0.06429053320499964,10
low_signal_common_sense_stress,0.15,risk_bounded_executable_common_sense_tests_v5_minus_conformal_risk_filter,accepted_damage,0.003375527426160337,0.00661603375527426,-0.003240506329113923,0.009991561181434598,10
low_signal_common_sense_stress,0.15,risk_bounded_executable_common_sense_tests_v5_minus_conformal_risk_filter,accepted_regret,-0.05790360206895578,0.024485482464676234,-0.08238908453363201,-0.03341811960427954,10
low_signal_common_sense_stress,0.15,risk_bounded_executable_common_sense_tests_v5_minus_conformal_risk_filter,accepted_utility,0.0961673108769748,0.1525686033613748,-0.056401292484399984,0.2487359142383496,10
low_signal_common_sense_stress,0.15,risk_bounded_executable_common_sense_tests_v5_minus_policy_repair_from_failed_rollouts,coverage,0.2982638888888889,0.1507138214344155,0.14755006745447338,0.44897771032330436,10
low_signal_common_sense_stress,0.15,risk_bounded_executable_common_sense_tests_v5_minus_policy_repair_from_failed_rollouts,accepted_success,0.24340065860643187,0.21420152939564807,0.029199129210783797,0.45760218800207997,10
low_signal_common_sense_stress,0.15,risk_bounded_executable_common_sense_tests_v5_minus_policy_repair_from_failed_rollouts,accepted_safety_violation,-0.03981653696381094,0.21129558057552614,-0.2511121175393371,0.1714790436117152,10
low_signal_common_sense_stress,0.15,risk_bounded_executable_common_sense_tests_v5_minus_policy_repair_from_failed_rollouts,accepted_damage,0.003375527426160337,0.00661603375527426,-0.003240506329113923,0.009991561181434598,10
low_signal_common_sense_stress,0.15,risk_bounded_executable_common_sense_tests_v5_minus_policy_repair_from_failed_rollouts,accepted_regret,-0.04152640882952502,0.05552788267943831,-0.09705429150896333,0.014001473849913293,10
low_signal_common_sense_stress,0.15,risk_bounded_executable_common_sense_tests_v5_minus_policy_repair_from_failed_rollouts,accepted_utility,0.29145879462965313,0.3883905678839687,-0.09693177325431557,0.6798493625136218,10
low_signal_common_sense_stress,0.15,risk_bounded_executable_common_sense_tests_v5_minus_executable_common_sense_tests_v4,coverage,0.2524305555555556,0.17658358561895837,0.07584696993659723,0.429014141174514,10
low_signal_common_sense_stress,0.15,risk_bounded_executable_common_sense_tests_v5_minus_executable_common_sense_tests_v4,accepted_success,-0.013193877711905578,0.11659625780486062,-0.1297901355167662,0.10340238009295503,10
low_signal_common_sense_stress,0.15,risk_bounded_executable_common_sense_tests_v5_minus_executable_common_sense_tests_v4,accepted_safety_violation,0.02451854612208393,0.17524511921234606,-0.15072657309026213,0.19976366533443,10
low_signal_common_sense_stress,0.15,risk_bounded_executable_common_sense_tests_v5_minus_executable_common_sense_tests_v4,accepted_damage,0.002623647726912217,0.006936159033102948,-0.004312511306190731,0.009559806760015166,10
low_signal_common_sense_stress,0.15,risk_bounded_executable_common_sense_tests_v5_minus_executable_common_sense_tests_v4,accepted_regret,-0.016043818913128373,0.041404766390243194,-0.05744858530337157,0.02536094747711482,10
low_signal_common_sense_stress,0.15,risk_bounded_executable_common_sense_tests_v5_minus_executable_common_sense_tests_v4,accepted_utility,-0.04084706521992266,0.23782857593428283,-0.2786756411542055,0.19698151071436018,10
combined_common_sense_stress,0.00,risk_bounded_executable_common_sense_tests_v5_minus_human_oracle_query_policy,coverage,-0.007638888888888887,0.08990205003682086,-0.09754093892570975,0.08226316114793197,10
combined_common_sense_stress,0.00,risk_bounded_executable_common_sense_tests_v5_minus_human_oracle_query_policy,accepted_success,0.11461614576924654,0.19374698129207973,-0.07913083552283319,0.3083631270613263,10
combined_common_sense_stress,0.00,risk_bounded_executable_common_sense_tests_v5_minus_human_oracle_query_policy,accepted_safety_violation,-0.13960698307198535,0.22895355171702306,-0.3685605347890084,0.0893465686450377,10
combined_common_sense_stress,0.00,risk_bounded_executable_common_sense_tests_v5_minus_human_oracle_query_policy,accepted_damage,-0.008766233766233766,0.035571278949934705,-0.04433751271616847,0.02680504518370094,10
combined_common_sense_stress,0.00,risk_bounded_executable_common_sense_tests_v5_minus_human_oracle_query_policy,accepted_regret,-0.039921058144340237,0.03827288031642197,-0.0781939384607622,-0.0016481778279182693,10
combined_common_sense_stress,0.00,risk_bounded_executable_common_sense_tests_v5_minus_human_oracle_query_policy,accepted_utility,0.36091957715097356,0.2468502757551755,0.11406930139579805,0.607769852906149,10
combined_common_sense_stress,0.00,risk_bounded_executable_common_sense_tests_v5_minus_active_perception_planner,coverage,0.23020833333333332,0.035377980868752164,0.19483035246458116,0.2655863142020855,10
combined_common_sense_stress,0.00,risk_bounded_executable_common_sense_tests_v5_minus_active_perception_planner,accepted_success,1.0,0.0,1.0,1.0,10
combined_common_sense_stress,0.00,risk_bounded_executable_common_sense_tests_v5_minus_active_perception_planner,accepted_safety_violation,0.04264705882352941,0.08358823529411762,-0.0409411764705882,0.12623529411764703,10
combined_common_sense_stress,0.00,risk_bounded_executable_common_sense_tests_v5_minus_active_perception_planner,accepted_damage,0.007142857142857143,0.013999999999999997,-0.006857142857142854,0.02114285714285714,10
combined_common_sense_stress,0.00,risk_bounded_executable_common_sense_tests_v5_minus_active_perception_planner,accepted_regret,0.009983392120917596,0.012153038608446336,-0.0021696464875287404,0.022136430729363932,10
combined_common_sense_stress,0.00,risk_bounded_executable_common_sense_tests_v5_minus_active_perception_planner,accepted_utility,0.9167920361125101,0.10563154942543754,0.8111604866870726,1.0224235855379478,10
combined_common_sense_stress,0.00,risk_bounded_executable_common_sense_tests_v5_minus_conformal_risk_filter,coverage,-0.011458333333333327,0.06242384266083417,-0.07388217599416749,0.050965509327500845,10
combined_common_sense_stress,0.00,risk_bounded_executable_common_sense_tests_v5_minus_conformal_risk_filter,accepted_success,0.10792630280604379,0.12251306736971104,-0.014586764563667254,0.23043937017575483,10
combined_common_sense_stress,0.00,risk_bounded_executable_common_sense_tests_v5_minus_conformal_risk_filter,accepted_safety_violation,-0.04834043967388614,0.17447194342643005,-0.2228123831003162,0.1261315037525439,10
combined_common_sense_stress,0.00,risk_bounded_executable_common_sense_tests_v5_minus_conformal_risk_filter,accepted_damage,0.007142857142857143,0.013999999999999997,-0.006857142857142854,0.02114285714285714,10
combined_common_sense_stress,0.00,risk_bounded_executable_common_sense_tests_v5_minus_conformal_risk_filter,accepted_regret,-0.07138902988062568,0.05668328508674908,-0.12807231496737476,-0.014705744793876596,10
combined_common_sense_stress,0.00,risk_bounded_executable_common_sense_tests_v5_minus_conformal_risk_filter,accepted_utility,0.23359502054471398,0.27702298686269433,-0.04342796631798035,0.5106180074074083,10
combined_common_sense_stress,0.00,risk_bounded_executable_common_sense_tests_v5_minus_policy_repair_from_failed_rollouts,coverage,0.23020833333333332,0.035377980868752164,0.19483035246458116,0.2655863142020855,10
combined_common_sense_stress,0.00,risk_bounded_executable_common_sense_tests_v5_minus_policy_repair_from_failed_rollouts,accepted_success,1.0,0.0,1.0,1.0,10
combined_common_sense_stress,0.00,risk_bounded_executable_common_sense_tests_v5_minus_policy_repair_from_failed_rollouts,accepted_safety_violation,0.04264705882352941,0.08358823529411762,-0.0409411764705882,0.12623529411764703,10
combined_common_sense_stress,0.00,risk_bounded_executable_common_sense_tests_v5_minus_policy_repair_from_failed_rollouts,accepted_damage,0.007142857142857143,0.013999999999999997,-0.006857142857142854,0.02114285714285714,10
combined_common_sense_stress,0.00,risk_bounded_executable_common_sense_tests_v5_minus_policy_repair_from_failed_rollouts,accepted_regret,0.009983392120917596,0.012153038608446336,-0.0021696464875287404,0.022136430729363932,10
combined_common_sense_stress,0.00,risk_bounded_executable_common_sense_tests_v5_minus_policy_repair_from_failed_rollouts,accepted_utility,0.9167920361125101,0.10563154942543754,0.8111604866870726,1.0224235855379478,10
combined_common_sense_stress,0.00,risk_bounded_executable_common_sense_tests_v5_minus_executable_common_sense_tests_v4,coverage,0.22916666666666666,0.036267928729402064,0.19289873793726459,0.26543459539606873,10
combined_common_sense_stress,0.00,risk_bounded_executable_common_sense_tests_v5_minus_executable_common_sense_tests_v4,accepted_success,0.9,0.19599999999999998,0.7040000000000001,1.096,10
combined_common_sense_stress,0.00,risk_bounded_executable_common_sense_tests_v5_minus_executable_common_sense_tests_v4,accepted_safety_violation,0.04264705882352941,0.08358823529411762,-0.0409411764705882,0.12623529411764703,10
combined_common_sense_stress,0.00,risk_bounded_executable_common_sense_tests_v5_minus_executable_common_sense_tests_v4,accepted_damage,0.007142857142857143,0.013999999999999997,-0.006857142857142854,0.02114285714285714,10
combined_common_sense_stress,0.00,risk_bounded_executable_common_sense_tests_v5_minus_executable_common_sense_tests_v4,accepted_regret,0.0010952921209175955,0.022954890692531312,-0.021859598571613716,0.02405018281344891,10
combined_common_sense_stress,0.00,risk_bounded_executable_common_sense_tests_v5_minus_executable_common_sense_tests_v4,accepted_utility,0.8245206361125101,0.19662546321370927,0.6278951728988009,1.0211460993262194,10
combined_common_sense_stress,0.05,risk_bounded_executable_common_sense_tests_v5_minus_human_oracle_query_policy,coverage,0.003472222222222218,0.16638311398911038,-0.16291089176688817,0.16985533621133259,10
combined_common_sense_stress,0.05,risk_bounded_executable_common_sense_tests_v5_minus_human_oracle_query_policy,accepted_success,0.2237306270751331,0.21004224152647688,0.013688385548656229,0.43377286860161,10
combined_common_sense_stress,0.05,risk_bounded_executable_common_sense_tests_v5_minus_human_oracle_query_policy,accepted_safety_violation,-0.13721740308614128,0.26814308640856815,-0.40536048949470943,0.13092568332242688,10
combined_common_sense_stress,0.05,risk_bounded_executable_common_sense_tests_v5_minus_human_oracle_query_policy,accepted_damage,-0.0013888888888888896,0.03454112774900147,-0.03593001663789036,0.03315223886011258,10
combined_common_sense_stress,0.05,risk_bounded_executable_common_sense_tests_v5_minus_human_oracle_query_policy,accepted_regret,-0.07716288833528853,0.05385177259820254,-0.13101466093349107,-0.02331111573708599,10
combined_common_sense_stress,0.05,risk_bounded_executable_common_sense_tests_v5_minus_human_oracle_query_policy,accepted_utility,0.5045121844384756,0.3682793221281193,0.13623286231035625,0.8727915065665949,10
combined_common_sense_stress,0.05,risk_bounded_executable_common_sense_tests_v5_minus_active_perception_planner,coverage,0.30833333333333335,0.08657185033784981,0.22176148299548354,0.39490518367118316,10
combined_common_sense_stress,0.05,risk_bounded_executable_common_sense_tests_v5_minus_active_perception_planner,accepted_success,0.5711011904761905,0.34670676140331874,0.22439442907287172,0.9178079518795093,10
combined_common_sense_stress,0.05,risk_bounded_executable_common_sense_tests_v5_minus_active_perception_planner,accepted_safety_violation,0.07388016381636854,0.12706689303099697,-0.05318672921462843,0.20094705684736552,10
combined_common_sense_stress,0.05,risk_bounded_executable_common_sense_tests_v5_minus_active_perception_planner,accepted_damage,0.01111111111111111,0.021777777777777774,-0.010666666666666665,0.032888888888888884,10
combined_common_sense_stress,0.05,risk_bounded_executable_common_sense_tests_v5_minus_active_perception_planner,accepted_regret,0.01313042748504924,0.016174383423528154,-0.0030439559384789136,0.029304810908577394,10
combined_common_sense_stress,0.05,risk_bounded_executable_common_sense_tests_v5_minus_active_perception_planner,accepted_utility,0.4624248825123311,0.3811872412729752,0.0812376412393559,0.8436121237853063,10
combined_common_sense_stress,0.05,risk_bounded_executable_common_sense_tests_v5_minus_conformal_risk_filter,coverage,-0.007638888888888878,0.13272985343082974,-0.14036874231971863,0.12509096454194085,10
combined_common_sense_stress,0.05,risk_bounded_executable_common_sense_tests_v5_minus_conformal_risk_filter,accepted_success,0.15920192750708273,0.14501257999973707,0.014189347507345657,0.3042145075068198,10
combined_common_sense_stress,0.05,risk_bounded_executable_common_sense_tests_v5_minus_conformal_risk_filter,accepted_safety_violation,-0.04754169407444721,0.16249406828795085,-0.21003576236239807,0.11495237421350364,10
combined_common_sense_stress,0.05,risk_bounded_executable_common_sense_tests_v5_minus_conformal_risk_filter,accepted_damage,0.01111111111111111,0.021777777777777774,-0.010666666666666665,0.032888888888888884,10
combined_common_sense_stress,0.05,risk_bounded_executable_common_sense_tests_v5_minus_conformal_risk_filter,accepted_regret,-0.07370377175982296,0.05022796662570687,-0.12393173838552982,-0.02347580513411609,10
combined_common_sense_stress,0.05,risk_bounded_executable_common_sense_tests_v5_minus_conformal_risk_filter,accepted_utility,0.2650086499888607,0.2586940704784151,0.006314579510445617,0.5237027204672757,10
combined_common_sense_stress,0.05,risk_bounded_executable_common_sense_tests_v5_minus_policy_repair_from_failed_rollouts,coverage,0.30486111111111114,0.08866280517365782,0.21619830593745332,0.39352391628476896,10
combined_common_sense_stress,0.05,risk_bounded_executable_common_sense_tests_v5_minus_policy_repair_from_failed_rollouts,accepted_success,0.5711011904761905,0.30908734333548044,0.26201384714071,0.8801885338116708,10
combined_common_sense_stress,0.05,risk_bounded_executable_common_sense_tests_v5_minus_policy_repair_from_failed_rollouts,accepted_safety_violation,0.07388016381636854,0.12706689303099697,-0.05318672921462843,0.20094705684736552,10
combined_common_sense_stress,0.05,risk_bounded_executable_common_sense_tests_v5_minus_policy_repair_from_failed_rollouts,accepted_damage,0.01111111111111111,0.021777777777777774,-0.010666666666666665,0.032888888888888884,10
combined_common_sense_stress,0.05,risk_bounded_executable_common_sense_tests_v5_minus_policy_repair_from_failed_rollouts,accepted_regret,0.016147301679373435,0.01796478649845868,-0.0018174848190852452,0.034112088177832116,10
combined_common_sense_stress,0.05,risk_bounded_executable_common_sense_tests_v5_minus_policy_repair_from_failed_rollouts,accepted_utility,0.4525676928033991,0.3625440829443416,0.0900236098590575,0.8151117757477406,10
combined_common_sense_stress,0.05,risk_bounded_executable_common_sense_tests_v5_minus_executable_common_sense_tests_v4,coverage,0.2565972222222222,0.1092684405472265,0.1473287816749957,0.3658656627694487,10
combined_common_sense_stress,0.05,risk_bounded_executable_common_sense_tests_v5_minus_executable_common_sense_tests_v4,accepted_success,0.27110119047619047,0.3148171025093894,-0.04371591203319891,0.5859182929855798,10
combined_common_sense_stress,0.05,risk_bounded_executable_common_sense_tests_v5_minus_executable_common_sense_tests_v4,accepted_safety_violation,0.07388016381636854,0.12706689303099697,-0.05318672921462843,0.20094705684736552,10
combined_common_sense_stress,0.05,risk_bounded_executable_common_sense_tests_v5_minus_executable_common_sense_tests_v4,accepted_damage,0.01111111111111111,0.021777777777777774,-0.010666666666666665,0.032888888888888884,10
combined_common_sense_stress,0.05,risk_bounded_executable_common_sense_tests_v5_minus_executable_common_sense_tests_v4,accepted_regret,-0.007387690792694521,0.05208377521846733,-0.05947146601116186,0.04469608442577281,10
combined_common_sense_stress,0.05,risk_bounded_executable_common_sense_tests_v5_minus_executable_common_sense_tests_v4,accepted_utility,0.16528009428515325,0.3785365035335289,-0.21325640924837566,0.5438165978186822,10
combined_common_sense_stress,0.10,risk_bounded_executable_common_sense_tests_v5_minus_human_oracle_query_policy,coverage,0.02222222222222222,0.18629827653391257,-0.16407605431169034,0.2085204987561348,10
combined_common_sense_stress,0.10,risk_bounded_executable_common_sense_tests_v5_minus_human_oracle_query_policy,accepted_success,0.21807211540566684,0.21206580168555392,0.006006313720112927,0.43013791709122073,10
combined_common_sense_stress,0.10,risk_bounded_executable_common_sense_tests_v5_minus_human_oracle_query_policy,accepted_safety_violation,-0.13791388411203986,0.2731056269011003,-0.41101951101314016,0.13519174278906043,10
combined_common_sense_stress,0.10,risk_bounded_executable_common_sense_tests_v5_minus_human_oracle_query_policy,accepted_damage,-0.00042300066093853284,0.026886972761287403,-0.027309973422225936,0.02646397210034887,10
combined_common_sense_stress,0.10,risk_bounded_executable_common_sense_tests_v5_minus_human_oracle_query_policy,accepted_regret,-0.08356972765157342,0.051487476827970835,-0.13505720447954425,-0.03208225082360258,10
combined_common_sense_stress,0.10,risk_bounded_executable_common_sense_tests_v5_minus_human_oracle_query_policy,accepted_utility,0.49357492712687534,0.3804953099289268,0.11307961719794857,0.8740702370558021,10
combined_common_sense_stress,0.10,risk_bounded_executable_common_sense_tests_v5_minus_active_perception_planner,coverage,0.33749999999999997,0.12099861833037631,0.21650138166962365,0.4584986183303763,10
combined_common_sense_stress,0.10,risk_bounded_executable_common_sense_tests_v5_minus_active_perception_planner,accepted_success,0.3494096279747971,0.31536916003148896,0.03404046794330812,0.6647787880062861,10
combined_common_sense_stress,0.10,risk_bounded_executable_common_sense_tests_v5_minus_active_perception_planner,accepted_safety_violation,-0.007341036714902402,0.07420251622908057,-0.08154355294398297,0.06686147951417817,10
combined_common_sense_stress,0.10,risk_bounded_executable_common_sense_tests_v5_minus_active_perception_planner,accepted_damage,-0.028373873317693542,0.07720003190999554,-0.10557390522768909,0.048826158592301994,10
combined_common_sense_stress,0.10,risk_bounded_executable_common_sense_tests_v5_minus_active_perception_planner,accepted_regret,-0.01999993951883428,0.04396450297831613,-0.06396444249715041,0.023964563459481853,10
combined_common_sense_stress,0.10,risk_bounded_executable_common_sense_tests_v5_minus_active_perception_planner,accepted_utility,0.398362999887647,0.2660264426667712,0.13233655722087578,0.6643894425544182,10
combined_common_sense_stress,0.10,risk_bounded_executable_common_sense_tests_v5_minus_conformal_risk_filter,coverage,0.009374999999999994,0.17300647929113716,-0.16363147929113717,0.18238147929113716,10
combined_common_sense_stress,0.10,risk_bounded_executable_common_sense_tests_v5_minus_conformal_risk_filter,accepted_success,0.21963382446285398,0.15103582716653316,0.06859799729632082,0.37066965162938714,10
combined_common_sense_stress,0.10,risk_bounded_executable_common_sense_tests_v5_minus_conformal_risk_filter,accepted_safety_violation,-0.06670182107578264,0.13917557900358166,-0.20587740007936428,0.07247375792779902,10
combined_common_sense_stress,0.10,risk_bounded_executable_common_sense_tests_v5_minus_conformal_risk_filter,accepted_damage,0.00898876404494382,0.017617977528089888,-0.008629213483146068,0.026606741573033707,10
combined_common_sense_stress,0.10,risk_bounded_executable_common_sense_tests_v5_minus_conformal_risk_filter,accepted_regret,-0.08663716659654654,0.04731374066882758,-0.13395090726537412,-0.03932342592771896,10
combined_common_sense_stress,0.10,risk_bounded_executable_common_sense_tests_v5_minus_conformal_risk_filter,accepted_utility,0.3577794130316952,0.23202311485068977,0.12575629818100542,0.589802527882385,10
combined_common_sense_stress,0.10,risk_bounded_executable_common_sense_tests_v5_minus_policy_repair_from_failed_rollouts,coverage,0.36041666666666666,0.12105389583222476,0.2393627708344419,0.4814705624988914,10
combined_common_sense_stress,0.10,risk_bounded_executable_common_sense_tests_v5_minus_policy_repair_from_failed_rollouts,accepted_success,0.44940962797479705,0.3499032354010392,0.09950639257375787,0.7993128633758362,10
combined_common_sense_stress,0.10,risk_bounded_executable_common_sense_tests_v5_minus_policy_repair_from_failed_rollouts,accepted_safety_violation,0.052701698327832634,0.15299731965745503,-0.10029562132962239,0.20569901798528767,10
combined_common_sense_stress,0.10,risk_bounded_executable_common_sense_tests_v5_minus_policy_repair_from_failed_rollouts,accepted_damage,0.00898876404494382,0.017617977528089888,-0.008629213483146068,0.026606741573033707,10
combined_common_sense_stress,0.10,risk_bounded_executable_common_sense_tests_v5_minus_policy_repair_from_failed_rollouts,accepted_regret,0.01041352526735033,0.03393365290535161,-0.02352012763800128,0.04434717817270194,10
combined_common_sense_stress,0.10,risk_bounded_executable_common_sense_tests_v5_minus_policy_repair_from_failed_rollouts,accepted_utility,0.3619322728810572,0.38611706246559446,-0.024184789584537236,0.7480493353466517,10
combined_common_sense_stress,0.10,risk_bounded_executable_common_sense_tests_v5_minus_executable_common_sense_tests_v4,coverage,0.20555555555555555,0.11033398721413043,0.09522156834142512,0.31588954276968595,10
combined_common_sense_stress,0.10,risk_bounded_executable_common_sense_tests_v5_minus_executable_common_sense_tests_v4,accepted_success,0.2536214851974623,0.26386687442026946,-0.010245389222807155,0.5174883596177318,10
combined_common_sense_stress,0.10,risk_bounded_executable_common_sense_tests_v5_minus_executable_common_sense_tests_v4,accepted_safety_violation,0.02757854561847303,0.17013445887646048,-0.14255591325798744,0.1977130044949335,10
combined_common_sense_stress,0.10,risk_bounded_executable_common_sense_tests_v5_minus_executable_common_sense_tests_v4,accepted_damage,0.00898876404494382,0.017617977528089888,-0.008629213483146068,0.026606741573033707,10
combined_common_sense_stress,0.10,risk_bounded_executable_common_sense_tests_v5_minus_executable_common_sense_tests_v4,accepted_regret,-0.022014330175823462,0.04731797565299351,-0.06933230582881697,0.02530364547717005,10
combined_common_sense_stress,0.10,risk_bounded_executable_common_sense_tests_v5_minus_executable_common_sense_tests_v4,accepted_utility,0.2213472343501773,0.3684923812553124,-0.1471451469051351,0.5898396156054897,10
combined_common_sense_stress,0.15,risk_bounded_executable_common_sense_tests_v5_minus_human_oracle_query_policy,coverage,0.05347222222222222,0.1921401706166856,-0.13866794839446336,0.24561239283890782,10
combined_common_sense_stress,0.15,risk_bounded_executable_common_sense_tests_v5_minus_human_oracle_query_policy,accepted_success,0.17614951791104266,0.2056821106435296,-0.02953259273248693,0.38183162855457226,10
combined_common_sense_stress,0.15,risk_bounded_executable_common_sense_tests_v5_minus_human_oracle_query_policy,accepted_safety_violation,-0.12426050505963383,0.2794635781972877,-0.4037240832569215,0.15520307313765386,10
combined_common_sense_stress,0.15,risk_bounded_executable_common_sense_tests_v5_minus_human_oracle_query_policy,accepted_damage,-0.02203563259901288,0.05958815168933856,-0.08162378428835143,0.03755251909032568,10
combined_common_sense_stress,0.15,risk_bounded_executable_common_sense_tests_v5_minus_human_oracle_query_policy,accepted_regret,-0.0747642418377334,0.05286196969736117,-0.12762621153509457,-0.021902272140372235,10
combined_common_sense_stress,0.15,risk_bounded_executable_common_sense_tests_v5_minus_human_oracle_query_policy,accepted_utility,0.4430307461700372,0.3809325709036234,0.06209817526641376,0.8239633170736607,10
combined_common_sense_stress,0.15,risk_bounded_executable_common_sense_tests_v5_minus_active_perception_planner,coverage,0.3767361111111111,0.1672538258787838,0.20948228523232731,0.5439899369898948,10
combined_common_sense_stress,0.15,risk_bounded_executable_common_sense_tests_v5_minus_active_perception_planner,accepted_success,0.14472478488519605,0.23388501412163562,-0.08916022923643957,0.37860979900683167,10
combined_common_sense_stress,0.15,risk_bounded_executable_common_sense_tests_v5_minus_active_perception_planner,accepted_safety_violation,0.010204335184876531,0.12061361842080151,-0.11040928323592498,0.13081795360567805,10
combined_common_sense_stress,0.15,risk_bounded_executable_common_sense_tests_v5_minus_active_perception_planner,accepted_damage,-0.04095000378186219,0.09608039850356388,-0.13703040228542607,0.05513039472170169,10
combined_common_sense_stress,0.15,risk_bounded_executable_common_sense_tests_v5_minus_active_perception_planner,accepted_regret,-0.06173712542733492,0.03908791374188211,-0.10082503916921703,-0.022649211685452808,10
combined_common_sense_stress,0.15,risk_bounded_executable_common_sense_tests_v5_minus_active_perception_planner,accepted_utility,0.21815952772138691,0.25278808587306767,-0.034628558151680755,0.4709476135944546,10
combined_common_sense_stress,0.15,risk_bounded_executable_common_sense_tests_v5_minus_conformal_risk_filter,coverage,-0.012847222222222227,0.2006326051189013,-0.21347982734112353,0.18778538289667907,10
combined_common_sense_stress,0.15,risk_bounded_executable_common_sense_tests_v5_minus_conformal_risk_filter,accepted_success,0.13745622052532278,0.1451412159724054,-0.007684995447082621,0.28259743649772817,10
combined_common_sense_stress,0.15,risk_bounded_executable_common_sense_tests_v5_minus_conformal_risk_filter,accepted_safety_violation,-0.0013051078118311021,0.09233167934472863,-0.09363678715655974,0.09102657153289753,10
combined_common_sense_stress,0.15,risk_bounded_executable_common_sense_tests_v5_minus_conformal_risk_filter,accepted_damage,0.0068376068376068385,0.013401709401709401,-0.006564102564102563,0.02023931623931624,10
combined_common_sense_stress,0.15,risk_bounded_executable_common_sense_tests_v5_minus_conformal_risk_filter,accepted_regret,-0.0720760923053553,0.03688759635317812,-0.10896368865853343,-0.035188495952177185,10
combined_common_sense_stress,0.15,risk_bounded_executable_common_sense_tests_v5_minus_conformal_risk_filter,accepted_utility,0.1837463189552316,0.19387340015762602,-0.010127081202394417,0.37761971911285763,10
combined_common_sense_stress,0.15,risk_bounded_executable_common_sense_tests_v5_minus_policy_repair_from_failed_rollouts,coverage,0.39375,0.13317652848777395,0.26057347151222604,0.526926528487774,10
combined_common_sense_stress,0.15,risk_bounded_executable_common_sense_tests_v5_minus_policy_repair_from_failed_rollouts,accepted_success,0.2419621150634614,0.3033821753022244,-0.06142006023876298,0.5453442903656858,10
combined_common_sense_stress,0.15,risk_bounded_executable_common_sense_tests_v5_minus_policy_repair_from_failed_rollouts,accepted_safety_violation,-0.06270988535102542,0.25885459600114136,-0.32156448135216675,0.19614471065011593,10
combined_common_sense_stress,0.15,risk_bounded_executable_common_sense_tests_v5_minus_policy_repair_from_failed_rollouts,accepted_damage,-0.003162393162393162,0.02494268840214348,-0.02810508156453664,0.02178029523975032,10
combined_common_sense_stress,0.15,risk_bounded_executable_common_sense_tests_v5_minus_policy_repair_from_failed_rollouts,accepted_regret,-0.046487836078264275,0.07961099048535615,-0.12609882656362043,0.033123154407091876,10
combined_common_sense_stress,0.15,risk_bounded_executable_common_sense_tests_v5_minus_policy_repair_from_failed_rollouts,accepted_utility,0.33670124413376634,0.46183325550518056,-0.12513201137141422,0.798534499638947,10
combined_common_sense_stress,0.15,risk_bounded_executable_common_sense_tests_v5_minus_executable_common_sense_tests_v4,coverage,0.275,0.15631656442219166,0.11868343557780836,0.4313165644221917,10
combined_common_sense_stress,0.15,risk_bounded_executable_common_sense_tests_v5_minus_executable_common_sense_tests_v4,accepted_success,0.24005185749947144,0.24403111789358523,-0.003979260394113782,0.48408297539305667,10
combined_common_sense_stress,0.15,risk_bounded_executable_common_sense_tests_v5_minus_executable_common_sense_tests_v4,accepted_safety_violation,0.04794816716264005,0.20630605695001444,-0.1583578897873744,0.25425422411265447,10
combined_common_sense_stress,0.15,risk_bounded_executable_common_sense_tests_v5_minus_executable_common_sense_tests_v4,accepted_damage,0.004033868519849829,0.015038962240683386,-0.011005093720833557,0.019072830760533215,10
combined_common_sense_stress,0.15,risk_bounded_executable_common_sense_tests_v5_minus_executable_common_sense_tests_v4,accepted_regret,-0.02130728507547702,0.055626395799834784,-0.0769336808753118,0.03431911072435777,10
combined_common_sense_stress,0.15,risk_bounded_executable_common_sense_tests_v5_minus_executable_common_sense_tests_v4,accepted_utility,0.19739427078835067,0.3726189007253338,-0.17522462993698315,0.5700131715136845,10
