split,budget,method,seed,coverage,accepted_success,accepted_safety_violation,accepted_damage,accepted_regret,accepted_utility
combined_common_sense_stress,0.00,active_perception_planner,0,0.0,0.0,0.0,0.0,0.0,0.0
combined_common_sense_stress,0.00,active_perception_planner,1,0.0,0.0,0.0,0.0,0.0,0.0
combined_common_sense_stress,0.00,active_perception_planner,2,0.0,0.0,0.0,0.0,0.0,0.0
combined_common_sense_stress,0.00,active_perception_planner,3,0.0,0.0,0.0,0.0,0.0,0.0
combined_common_sense_stress,0.00,active_perception_planner,4,0.0,0.0,0.0,0.0,0.0,0.0
combined_common_sense_stress,0.00,active_perception_planner,5,0.0,0.0,0.0,0.0,0.0,0.0
combined_common_sense_stress,0.00,active_perception_planner,6,0.0,0.0,0.0,0.0,0.0,0.0
combined_common_sense_stress,0.00,active_perception_planner,7,0.0,0.0,0.0,0.0,0.0,0.0
combined_common_sense_stress,0.00,active_perception_planner,8,0.0,0.0,0.0,0.0,0.0,0.0
combined_common_sense_stress,0.00,active_perception_planner,9,0.0,0.0,0.0,0.0,0.0,0.0
combined_common_sense_stress,0.00,conformal_risk_filter,0,0.1597222222222222,0.8913043478260869,0.0,0.0,0.011387130434782608,0.8632332173913043
combined_common_sense_stress,0.00,conformal_risk_filter,1,0.16666666666666666,1.0,0.0,0.0,0.006432604166666666,0.9715179791666667
combined_common_sense_stress,0.00,conformal_risk_filter,2,0.20833333333333334,0.9833333333333333,0.08333333333333333,0.0,0.02354385,0.8468418333333333
combined_common_sense_stress,0.00,conformal_risk_filter,3,0.10416666666666667,1.0,0.0,0.0,0.13695663333333333,0.9058924666666667
combined_common_sense_stress,0.00,conformal_risk_filter,4,0.3645833333333333,1.0,0.0,0.0,0.07811039047619048,0.8577120761904762
combined_common_sense_stress,0.00,conformal_risk_filter,5,0.16319444444444445,1.0,0.0425531914893617,0.0,0.021410702127659574,0.9148988936170213
combined_common_sense_stress,0.00,conformal_risk_filter,6,0.2048611111111111,1.0,0.7627118644067796,0.0,0.30632662711864406,-0.2409601186440678
combined_common_sense_stress,0.00,conformal_risk_filter,7,0.2222222222222222,1.0,0.0,0.0,0.09709328125,0.875651328125
combined_common_sense_stress,0.00,conformal_risk_filter,8,0.3333333333333333,0.5,0.0,0.0,0.04060711458333333,0.45161261458333335
combined_common_sense_stress,0.00,conformal_risk_filter,9,0.4895833333333333,0.5460992907801419,0.02127659574468085,0.0,0.0918558865248227,0.38556986524822695
combined_common_sense_stress,0.00,executable_common_sense_tests_v4,0,0.0,0.0,0.0,0.0,0.0,0.0
combined_common_sense_stress,0.00,executable_common_sense_tests_v4,1,0.0,0.0,0.0,0.0,0.0,0.0
combined_common_sense_stress,0.00,executable_common_sense_tests_v4,2,0.0,0.0,0.0,0.0,0.0,0.0
combined_common_sense_stress,0.00,executable_common_sense_tests_v4,3,0.0,0.0,0.0,0.0,0.0,0.0
combined_common_sense_stress,0.00,executable_common_sense_tests_v4,4,0.010416666666666666,1.0,0.0,0.0,0.088881,0.922714
combined_common_sense_stress,0.00,executable_common_sense_tests_v4,5,0.0,0.0,0.0,0.0,0.0,0.0
combined_common_sense_stress,0.00,executable_common_sense_tests_v4,6,0.0,0.0,0.0,0.0,0.0,0.0
combined_common_sense_stress,0.00,executable_common_sense_tests_v4,7,0.0,0.0,0.0,0.0,0.0,0.0
combined_common_sense_stress,0.00,executable_common_sense_tests_v4,8,0.0,0.0,0.0,0.0,0.0,0.0
combined_common_sense_stress,0.00,executable_common_sense_tests_v4,9,0.0,0.0,0.0,0.0,0.0,0.0
combined_common_sense_stress,0.00,human_oracle_query_policy,0,0.2986111111111111,1.0,0.18604651162790697,0.0,0.03049443023255814,0.7132219534883721
combined_common_sense_stress,0.00,human_oracle_query_policy,1,0.28125,0.9753086419753086,0.9506172839506173,0.0,0.1388448024691358,-0.30064724691358025
combined_common_sense_stress,0.00,human_oracle_query_policy,2,0.1527777777777778,1.0,0.1590909090909091,0.1590909090909091,0.07439143181818182,0.5459734545454545
combined_common_sense_stress,0.00,human_oracle_query_policy,3,0.3333333333333333,1.0,0.0,0.0,0.04057945833333333,0.8825656875
combined_common_sense_stress,0.00,human_oracle_query_policy,4,0.3020833333333333,1.0,0.0,0.0,0.007228873563218391,0.9485774827586207
combined_common_sense_stress,0.00,human_oracle_query_policy,5,0.0,0.0,0.0,0.0,0.0,0.0
combined_common_sense_stress,0.00,human_oracle_query_policy,6,0.16319444444444445,1.0,0.0,0.0,0.0006930212765957446,0.9530217872340426
combined_common_sense_stress,0.00,human_oracle_query_policy,7,0.3888888888888889,0.9017857142857143,0.5267857142857143,0.0,0.08419262500000001,0.1705115357142857
combined_common_sense_stress,0.00,human_oracle_query_policy,8,0.1597222222222222,1.0,0.0,0.0,0.004066673913043478,0.9507277608695652
combined_common_sense_stress,0.00,human_oracle_query_policy,9,0.2986111111111111,0.9767441860465116,0.0,0.0,0.11855318604651163,0.6947721744186046
combined_common_sense_stress,0.00,policy_repair_from_failed_rollouts,0,0.0,0.0,0.0,0.0,0.0,0.0
combined_common_sense_stress,0.00,policy_repair_from_failed_rollouts,1,0.0,0.0,0.0,0.0,0.0,0.0
combined_common_sense_stress,0.00,policy_repair_from_failed_rollouts,2,0.0,0.0,0.0,0.0,0.0,0.0
combined_common_sense_stress,0.00,policy_repair_from_failed_rollouts,3,0.0,0.0,0.0,0.0,0.0,0.0
combined_common_sense_stress,0.00,policy_repair_from_failed_rollouts,4,0.0,0.0,0.0,0.0,0.0,0.0
combined_common_sense_stress,0.00,policy_repair_from_failed_rollouts,5,0.0,0.0,0.0,0.0,0.0,0.0
combined_common_sense_stress,0.00,policy_repair_from_failed_rollouts,6,0.0,0.0,0.0,0.0,0.0,0.0
combined_common_sense_stress,0.00,policy_repair_from_failed_rollouts,7,0.0,0.0,0.0,0.0,0.0,0.0
combined_common_sense_stress,0.00,policy_repair_from_failed_rollouts,8,0.0,0.0,0.0,0.0,0.0,0.0
combined_common_sense_stress,0.00,policy_repair_from_failed_rollouts,9,0.0,0.0,0.0,0.0,0.0,0.0
combined_common_sense_stress,0.00,risk_bounded_executable_common_sense_tests_v5,0,0.16319444444444445,1.0,0.0,0.0,0.0,0.9828228510638298
combined_common_sense_stress,0.00,risk_bounded_executable_common_sense_tests_v5,1,0.2361111111111111,1.0,0.0,0.0,0.00048229411764705884,0.9825692205882353
combined_common_sense_stress,0.00,risk_bounded_executable_common_sense_tests_v5,2,0.28125,1.0,0.0,0.0,0.00468979012345679,0.9796967283950617
combined_common_sense_stress,0.00,risk_bounded_executable_common_sense_tests_v5,3,0.14930555555555555,1.0,0.0,0.0,0.00016032558139534884,0.9827340465116279
combined_common_sense_stress,0.00,risk_bounded_executable_common_sense_tests_v5,4,0.16319444444444445,1.0,0.0,0.0,0.0,0.9828553404255319
combined_common_sense_stress,0.00,risk_bounded_executable_common_sense_tests_v5,5,0.2361111111111111,1.0,0.4264705882352941,0.0,0.06239286764705882,0.4372640441176471
combined_common_sense_stress,0.00,risk_bounded_executable_common_sense_tests_v5,6,0.2222222222222222,1.0,0.0,0.0,0.020261328125,0.951663078125
combined_common_sense_stress,0.00,risk_bounded_executable_common_sense_tests_v5,7,0.24305555555555555,1.0,0.0,0.07142857142857142,0.011448571428571428,0.9028683428571429
combined_common_sense_stress,0.00,risk_bounded_executable_common_sense_tests_v5,8,0.2986111111111111,1.0,0.0,0.0,0.0003987441860465116,0.982609034883721
combined_common_sense_stress,0.00,risk_bounded_executable_common_sense_tests_v5,9,0.3090277777777778,1.0,0.0,0.0,0.0,0.9828376741573034
combined_common_sense_stress,0.05,active_perception_planner,0,0.11458333333333333,1.0,0.0,0.0,0.0,0.9791029393939394
combined_common_sense_stress,0.05,active_perception_planner,1,0.12152777777777778,1.0,0.0,0.0,0.00023814285714285712,0.978941
combined_common_sense_stress,0.05,active_perception_planner,2,0.0,0.0,0.0,0.0,0.0,0.0
combined_common_sense_stress,0.05,active_perception_planner,3,0.0,0.0,0.0,0.0,0.0,0.0
combined_common_sense_stress,0.05,active_perception_planner,4,0.0,0.0,0.0,0.0,0.0,0.0
combined_common_sense_stress,0.05,active_perception_planner,5,0.04513888888888889,1.0,0.0,0.0,0.1437110769230769,0.7213913076923076
combined_common_sense_stress,0.05,active_perception_planner,6,0.0,0.0,0.0,0.0,0.0,0.0
combined_common_sense_stress,0.05,active_perception_planner,7,0.04513888888888889,0.0,0.0,0.0,0.027406923076923075,-0.03945523076923077
combined_common_sense_stress,0.05,active_perception_planner,8,0.11458333333333333,1.0,0.0,0.0,9.03030303030303e-06,0.9791091515151515
combined_common_sense_stress,0.05,active_perception_planner,9,0.0,0.0,0.0,0.0,0.0,0.0
combined_common_sense_stress,0.05,conformal_risk_filter,0,0.4166666666666667,0.3416666666666667,0.025,0.0,0.13437365833333334,0.21189654166666666
combined_common_sense_stress,0.05,conformal_risk_filter,1,0.16666666666666666,1.0,0.0,0.0,0.006432604166666666,0.9715179791666667
combined_common_sense_stress,0.05,conformal_risk_filter,2,0.2847222222222222,0.9878048780487805,0.06097560975609756,0.0,0.022714939024390243,0.883939243902439
combined_common_sense_stress,0.05,conformal_risk_filter,3,0.3020833333333333,1.0,0.0,0.0,0.1123042183908046,0.9226561264367816
combined_common_sense_stress,0.05,conformal_risk_filter,4,0.5833333333333334,1.0,0.0,0.0,0.0644257619047619,0.9000910416666666
combined_common_sense_stress,0.05,conformal_risk_filter,5,0.4201388888888889,0.71900826446281,0.34710743801652894,0.0,0.12996709917355373,0.2122132561983471
combined_common_sense_stress,0.05,conformal_risk_filter,6,0.21875,1.0,0.7619047619047619,0.0,0.308283,-0.2415662857142857
combined_common_sense_stress,0.05,conformal_risk_filter,7,0.3333333333333333,1.0,0.0,0.0,0.11900288541666666,0.8798688854166666
combined_common_sense_stress,0.05,conformal_risk_filter,8,0.3333333333333333,0.5,0.0,0.0,0.04060711458333333,0.45161261458333335
combined_common_sense_stress,0.05,conformal_risk_filter,9,0.5416666666666666,0.5705128205128205,0.019230769230769232,0.0,0.10159588461538462,0.40102208974358977
combined_common_sense_stress,0.05,executable_common_sense_tests_v4,0,0.2152777777777778,1.0,0.0,0.0,0.07237185483870968,0.9336125161290323
combined_common_sense_stress,0.05,executable_common_sense_tests_v4,1,0.0,0.0,0.0,0.0,0.0,0.0
combined_common_sense_stress,0.05,executable_common_sense_tests_v4,2,0.21875,1.0,0.0,0.0,0.026023142857142856,0.9651521111111111
combined_common_sense_stress,0.05,executable_common_sense_tests_v4,3,0.08680555555555555,1.0,0.0,0.0,7.76e-05,0.98283012
combined_common_sense_stress,0.05,executable_common_sense_tests_v4,4,0.13541666666666666,1.0,0.0,0.0,0.10789969230769231,0.8930244871794871
combined_common_sense_stress,0.05,executable_common_sense_tests_v4,5,0.09722222222222222,1.0,0.0,0.0,0.00010914285714285715,0.9828042142857143
combined_common_sense_stress,0.05,executable_common_sense_tests_v4,6,0.0763888888888889,1.0,0.0,0.0,0.0005128636363636364,0.9825892272727272
combined_common_sense_stress,0.05,executable_common_sense_tests_v4,7,0.0,0.0,0.0,0.0,0.0,0.0
combined_common_sense_stress,0.05,executable_common_sense_tests_v4,8,0.09027777777777778,1.0,0.0,0.0,0.002076423076923077,0.9814831923076923
combined_common_sense_stress,0.05,executable_common_sense_tests_v4,9,0.03819444444444445,0.0,0.0,0.0,0.16747563636363635,-0.13095881818181818
combined_common_sense_stress,0.05,human_oracle_query_policy,0,0.4548611111111111,0.7557251908396947,0.4580152671755725,0.0,0.13663841221374046,0.03676221374045803
combined_common_sense_stress,0.05,human_oracle_query_policy,1,0.4826388888888889,0.6906474820143885,0.9712230215827338,0.0,0.222072690647482,-0.7078601007194245
combined_common_sense_stress,0.05,human_oracle_query_policy,2,0.19444444444444445,0.8392857142857143,0.125,0.125,0.10559082142857143,0.41253192857142856
combined_common_sense_stress,0.05,human_oracle_query_policy,3,0.3368055555555556,1.0,0.0,0.0,0.041431,0.8828960412371134
combined_common_sense_stress,0.05,human_oracle_query_policy,4,0.3298611111111111,1.0,0.0,0.0,0.009666726315789473,0.9469197368421053
combined_common_sense_stress,0.05,human_oracle_query_policy,5,0.0763888888888889,0.045454545454545456,0.0,0.0,0.24891136363636363,-0.3064537272727273
combined_common_sense_stress,0.05,human_oracle_query_policy,6,0.16666666666666666,1.0,0.0,0.0,0.0010105833333333334,0.9528058541666667
combined_common_sense_stress,0.05,human_oracle_query_policy,7,0.6493055555555556,0.6096256684491979,0.5347593582887701,0.0,0.13520954010695188,-0.18185999465240643
combined_common_sense_stress,0.05,human_oracle_query_policy,8,0.16666666666666666,1.0,0.0,0.0,0.005224375,0.9499405208333334
combined_common_sense_stress,0.05,human_oracle_query_policy,9,0.6319444444444444,0.532967032967033,0.02197802197802198,0.0,0.16854281868131868,0.21253367582417582
combined_common_sense_stress,0.05,policy_repair_from_failed_rollouts,0,0.0,0.0,0.0,0.0,0.0,0.0
combined_common_sense_stress,0.05,policy_repair_from_failed_rollouts,1,0.0,0.0,0.0,0.0,0.0,0.0
combined_common_sense_stress,0.05,policy_repair_from_failed_rollouts,2,0.1875,1.0,0.0,0.0,0.003115574074074074,0.9791129629629629
combined_common_sense_stress,0.05,policy_repair_from_failed_rollouts,3,0.0,0.0,0.0,0.0,0.0,0.0
combined_common_sense_stress,0.05,policy_repair_from_failed_rollouts,4,0.08333333333333333,1.0,0.0,0.0,0.0,0.984198875
combined_common_sense_stress,0.05,policy_repair_from_failed_rollouts,5,0.09722222222222222,1.0,0.0,0.0,0.13808085714285714,0.7701706785714285
combined_common_sense_stress,0.05,policy_repair_from_failed_rollouts,6,0.0,0.0,0.0,0.0,0.0,0.0
combined_common_sense_stress,0.05,policy_repair_from_failed_rollouts,7,0.0,0.0,0.0,0.0,0.0,0.0
combined_common_sense_stress,0.05,policy_repair_from_failed_rollouts,8,0.0,0.0,0.0,0.0,0.0,0.0
combined_common_sense_stress,0.05,policy_repair_from_failed_rollouts,9,0.1076388888888889,1.0,0.0,0.0,0.0,0.9841785483870967
combined_common_sense_stress,0.05,risk_bounded_executable_common_sense_tests_v5,0,0.16666666666666666,1.0,0.0,0.0,0.0,0.9828135
combined_common_sense_stress,0.05,risk_bounded_executable_common_sense_tests_v5,1,0.3333333333333333,0.9895833333333334,0.0,0.0,0.007345458333333333,0.9657352395833333
combined_common_sense_stress,0.05,risk_bounded_executable_common_sense_tests_v5,2,0.3993055555555556,1.0,0.06086956521739131,0.0,0.03629905217391304,0.8682531130434783
combined_common_sense_stress,0.05,risk_bounded_executable_common_sense_tests_v5,3,0.16666666666666666,1.0,0.0,0.0,0.0011732916666666667,0.9820156458333333
combined_common_sense_stress,0.05,risk_bounded_executable_common_sense_tests_v5,4,0.20833333333333334,1.0,0.0,0.0,0.0014576,0.9817845166666667
combined_common_sense_stress,0.05,risk_bounded_executable_common_sense_tests_v5,5,0.4826388888888889,1.0,0.6546762589928058,0.0,0.10753830215827338,0.13717863309352518
combined_common_sense_stress,0.05,risk_bounded_executable_common_sense_tests_v5,6,0.4479166666666667,1.0,0.023255813953488372,0.0,0.052847015503875966,0.882363496124031
combined_common_sense_stress,0.05,risk_bounded_executable_common_sense_tests_v5,7,0.5,1.0,0.0,0.1111111111111111,0.06667143055555555,0.7863657986111111
combined_common_sense_stress,0.05,risk_bounded_executable_common_sense_tests_v5,8,0.4861111111111111,0.7214285714285714,0.0,0.0,0.028961964285714285,0.6742698
combined_common_sense_stress,0.05,risk_bounded_executable_common_sense_tests_v5,9,0.3333333333333333,1.0,0.0,0.0,0.0003753333333333333,0.98255825
combined_common_sense_stress,0.10,active_perception_planner,0,0.18055555555555555,1.0,0.0,0.0,0.008024884615384616,0.9748104615384615
combined_common_sense_stress,0.10,active_perception_planner,1,0.16666666666666666,1.0,0.0,0.0,0.003459,0.97662375
combined_common_sense_stress,0.10,active_perception_planner,2,0.0,0.0,0.0,0.0,0.0,0.0
combined_common_sense_stress,0.10,active_perception_planner,3,0.059027777777777776,1.0,0.0,0.0,0.09122323529411765,0.9337344705882353
combined_common_sense_stress,0.10,active_perception_planner,4,0.0,0.0,0.0,0.0,0.0,0.0
combined_common_sense_stress,0.10,active_perception_planner,5,0.125,1.0,0.6388888888888888,0.0,0.26373358333333335,-0.10970847222222221
combined_common_sense_stress,0.10,active_perception_planner,6,0.059027777777777776,1.0,0.0,0.0,0.09510941176470589,0.9310918235294118
combined_common_sense_stress,0.10,active_perception_planner,7,0.1597222222222222,0.0,0.0,0.0,0.044212,-0.051067195652173915
combined_common_sense_stress,0.10,active_perception_planner,8,0.3159722222222222,1.0,0.31868131868131866,0.37362637362637363,0.11639794505494505,0.1591244945054945
combined_common_sense_stress,0.10,active_perception_planner,9,0.0,0.0,0.0,0.0,0.0,0.0
combined_common_sense_stress,0.10,conformal_risk_filter,0,0.4409722222222222,0.3228346456692913,0.023622047244094488,0.0,0.14015329921259842,0.19119682677165356
combined_common_sense_stress,0.10,conformal_risk_filter,1,0.16666666666666666,1.0,0.0,0.0,0.006432604166666666,0.9715179791666667
combined_common_sense_stress,0.10,conformal_risk_filter,2,0.4375,0.6587301587301587,0.03968253968253968,0.0,0.10206487301587301,0.5314420317460318
combined_common_sense_stress,0.10,conformal_risk_filter,3,0.4375,0.8095238095238095,0.19047619047619047,0.0,0.16891565079365078,0.46517747619047617
combined_common_sense_stress,0.10,conformal_risk_filter,4,0.6354166666666666,0.9344262295081968,0.0,0.0,0.07007532240437159,0.8351938032786885
combined_common_sense_stress,0.10,conformal_risk_filter,5,0.5972222222222222,0.563953488372093,0.4883720930232558,0.0,0.19307891860465115,-0.15012118023255813
combined_common_sense_stress,0.10,conformal_risk_filter,6,0.21875,1.0,0.7619047619047619,0.0,0.308283,-0.2415662857142857
combined_common_sense_stress,0.10,conformal_risk_filter,7,0.3333333333333333,1.0,0.0,0.0,0.11900288541666666,0.8798688854166666
combined_common_sense_stress,0.10,conformal_risk_filter,8,0.4166666666666667,0.4166666666666667,0.0,0.0,0.05945895,0.3594195333333333
combined_common_sense_stress,0.10,conformal_risk_filter,9,0.6631944444444444,0.5916230366492147,0.04712041884816754,0.0,0.12106682722513089,0.37831613089005234
combined_common_sense_stress,0.10,executable_common_sense_tests_v4,0,0.25,0.9444444444444444,0.0,0.0,0.06856765277777778,0.8806393611111111
combined_common_sense_stress,0.10,executable_common_sense_tests_v4,1,0.0,0.0,0.0,0.0,0.0,0.0
combined_common_sense_stress,0.10,executable_common_sense_tests_v4,2,0.4652777777777778,1.0,0.0,0.0,0.05205672388059702,0.9473475074626866
combined_common_sense_stress,0.10,executable_common_sense_tests_v4,3,0.19444444444444445,0.8571428571428571,0.14285714285714285,0.0,0.05385273214285714,0.6347119821428572
combined_common_sense_stress,0.10,executable_common_sense_tests_v4,4,0.3090277777777778,1.0,0.0,0.0,0.10785840449438203,0.8500578988764045
combined_common_sense_stress,0.10,executable_common_sense_tests_v4,5,0.2326388888888889,0.7164179104477612,0.0,0.0,0.06755059701492537,0.6532722537313433
combined_common_sense_stress,0.10,executable_common_sense_tests_v4,6,0.2708333333333333,0.9743589743589743,0.0,0.0,0.018536576923076923,0.9403860512820513
combined_common_sense_stress,0.10,executable_common_sense_tests_v4,7,0.14583333333333334,0.0,0.0,0.0,0.0696000238095238,-0.06455069047619047
combined_common_sense_stress,0.10,executable_common_sense_tests_v4,8,0.3159722222222222,1.0,0.0,0.0,0.019497065934065933,0.9694908131868132
combined_common_sense_stress,0.10,executable_common_sense_tests_v4,9,0.2013888888888889,0.46551724137931033,0.46551724137931033,0.0,0.1847841896551724,-0.2265881896551724
combined_common_sense_stress,0.10,human_oracle_query_policy,0,0.5,0.6875,0.5069444444444444,0.0,0.1636178125,-0.11846141666666665
combined_common_sense_stress,0.10,human_oracle_query_policy,1,0.5,0.6666666666666666,0.9722222222222222,0.0,0.2292959375,-0.7415794097222222
combined_common_sense_stress,0.10,human_oracle_query_policy,2,0.2951388888888889,0.8941176470588236,0.09411764705882353,0.09411764705882353,0.11606104705882353,0.5548500588235294
combined_common_sense_stress,0.10,human_oracle_query_policy,3,0.3715277777777778,1.0,0.0,0.0,0.04989770093457944,0.8852978037383178
combined_common_sense_stress,0.10,human_oracle_query_policy,4,0.5034722222222222,1.0,0.13793103448275862,0.0,0.053381096551724135,0.7637205793103449
combined_common_sense_stress,0.10,human_oracle_query_policy,5,0.15625,0.022222222222222223,0.0,0.0,0.24065782222222223,-0.27452248888888886
combined_common_sense_stress,0.10,human_oracle_query_policy,6,0.2708333333333333,0.9230769230769231,0.0,0.0,0.02772047435897436,0.8732549615384616
combined_common_sense_stress,0.10,human_oracle_query_policy,7,0.6666666666666666,0.59375,0.53125,0.0,0.13717158333333335,-0.19518869270833333
combined_common_sense_stress,0.10,human_oracle_query_policy,8,0.2881944444444444,1.0,0.0,0.0,0.06984840963855422,0.9059962530120482
combined_common_sense_stress,0.10,human_oracle_query_policy,9,0.6666666666666666,0.5260416666666666,0.020833333333333332,0.0,0.17020605729166666,0.20912241145833332
combined_common_sense_stress,0.10,policy_repair_from_failed_rollouts,0,0.0,0.0,0.0,0.0,0.0,0.0
combined_common_sense_stress,0.10,policy_repair_from_failed_rollouts,1,0.0,0.0,0.0,0.0,0.0,0.0
combined_common_sense_stress,0.10,policy_repair_from_failed_rollouts,2,0.3298611111111111,1.0,0.0,0.0,0.009130031578947368,0.9766539052631579
combined_common_sense_stress,0.10,policy_repair_from_failed_rollouts,3,0.0,0.0,0.0,0.0,0.0,0.0
combined_common_sense_stress,0.10,policy_repair_from_failed_rollouts,4,0.14583333333333334,1.0,0.35714285714285715,0.0,0.06454528571428571,0.5188059285714286
combined_common_sense_stress,0.10,policy_repair_from_failed_rollouts,5,0.1875,1.0,0.0,0.0,0.14455424074074075,0.7688590185185186
combined_common_sense_stress,0.10,policy_repair_from_failed_rollouts,6,0.0,0.0,0.0,0.0,0.0,0.0
combined_common_sense_stress,0.10,policy_repair_from_failed_rollouts,7,0.0,0.0,0.0,0.0,0.0,0.0
combined_common_sense_stress,0.10,policy_repair_from_failed_rollouts,8,0.006944444444444444,1.0,0.0,0.0,0.0973555,0.9321699999999999
combined_common_sense_stress,0.10,policy_repair_from_failed_rollouts,9,0.16666666666666666,1.0,0.0,0.0,0.0024403541666666666,0.98242775
combined_common_sense_stress,0.10,risk_bounded_executable_common_sense_tests_v5,0,0.1701388888888889,1.0,0.0,0.0,0.002910551020408163,0.9808357551020408
combined_common_sense_stress,0.10,risk_bounded_executable_common_sense_tests_v5,1,0.3333333333333333,0.9895833333333334,0.0,0.0,0.007345458333333333,0.9657352395833333
combined_common_sense_stress,0.10,risk_bounded_executable_common_sense_tests_v5,2,0.6597222222222222,0.8210526315789474,0.12631578947368421,0.0,0.10030457368421053,0.5487316263157894
combined_common_sense_stress,0.10,risk_bounded_executable_common_sense_tests_v5,3,0.22916666666666666,1.0,0.0,0.0,0.008690469696969697,0.9810730606060606
combined_common_sense_stress,0.10,risk_bounded_executable_common_sense_tests_v5,4,0.3159722222222222,1.0,0.0,0.0,0.009918076923076924,0.9812518351648352
combined_common_sense_stress,0.10,risk_bounded_executable_common_sense_tests_v5,5,0.5138888888888888,0.9932432432432432,0.6486486486486487,0.0,0.10966333108108108,0.1364934391891892
combined_common_sense_stress,0.10,risk_bounded_executable_common_sense_tests_v5,6,0.6041666666666666,1.0,0.10919540229885058,0.0,0.07293555172413793,0.7673717298850574
combined_common_sense_stress,0.10,risk_bounded_executable_common_sense_tests_v5,7,0.6180555555555556,0.9101123595505618,0.0,0.0898876404494382,0.07705930337078652,0.7211982696629213
combined_common_sense_stress,0.10,risk_bounded_executable_common_sense_tests_v5,8,0.6631944444444444,0.7801047120418848,0.0,0.0,0.03295801570680628,0.7329901256544502
combined_common_sense_stress,0.10,risk_bounded_executable_common_sense_tests_v5,9,0.3333333333333333,1.0,0.0,0.0,0.0003753333333333333,0.98255825
combined_common_sense_stress,0.15,active_perception_planner,0,0.2326388888888889,1.0,0.0,0.0,0.031651134328358206,0.9612196268656716
combined_common_sense_stress,0.15,active_perception_planner,1,0.2777777777777778,1.0,0.0,0.0,0.0436399375,0.95455945
combined_common_sense_stress,0.15,active_perception_planner,2,0.034722222222222224,0.0,0.0,0.0,0.16080250000000001,-0.1135796
combined_common_sense_stress,0.15,active_perception_planner,3,0.1840277777777778,0.6415094339622641,0.0,0.0,0.10248903773584905,0.5675830566037736
combined_common_sense_stress,0.15,active_perception_planner,4,0.0798611111111111,0.8695652173913043,0.0,0.0,0.1487281304347826,0.7497396956521739
combined_common_sense_stress,0.15,active_perception_planner,5,0.16666666666666666,1.0,0.7291666666666666,0.0,0.28766025,-0.23371641666666668
combined_common_sense_stress,0.15,active_perception_planner,6,0.1597222222222222,1.0,0.0,0.0,0.10986167391304348,0.9210602608695652
combined_common_sense_stress,0.15,active_perception_planner,7,0.23958333333333334,0.014492753623188406,0.0,0.0,0.08363278260869565,-0.058291492753623185
combined_common_sense_stress,0.15,active_perception_planner,8,0.3923611111111111,1.0,0.4247787610619469,0.4778761061946903,0.15310438053097344,-0.09322589380530974
combined_common_sense_stress,0.15,active_perception_planner,9,0.1527777777777778,0.9090909090909091,0.0,0.0,0.1322434090909091,0.8149315227272728
combined_common_sense_stress,0.15,conformal_risk_filter,0,0.5625,0.4691358024691358,0.018518518518518517,0.0,0.1375260925925926,0.34692324074074077
combined_common_sense_stress,0.15,conformal_risk_filter,1,0.3333333333333333,0.875,0.0,0.0,0.07824595833333334,0.8080448020833333
combined_common_sense_stress,0.15,conformal_risk_filter,2,0.5069444444444444,0.6917808219178082,0.03424657534246575,0.0,0.10707405479452055,0.5688819178082192
combined_common_sense_stress,0.15,conformal_risk_filter,3,0.6423611111111112,0.8648648648648649,0.22702702702702704,0.0,0.17413521081081082,0.4749247189189189
combined_common_sense_stress,0.15,conformal_risk_filter,4,0.7673611111111112,0.9230769230769231,0.0,0.0,0.08176219909502262,0.8245986018099547
combined_common_sense_stress,0.15,conformal_risk_filter,5,0.6215277777777778,0.5810055865921788,0.4972067039106145,0.0,0.19508335754189945,-0.14464088268156425
combined_common_sense_stress,0.15,conformal_risk_filter,6,0.4583333333333333,1.0,0.36363636363636365,0.0,0.21652258333333332,0.3560248106060606
combined_common_sense_stress,0.15,conformal_risk_filter,7,0.4548611111111111,1.0,0.0,0.0,0.12342135114503817,0.8870790305343511
combined_common_sense_stress,0.15,conformal_risk_filter,8,0.5763888888888888,0.5421686746987951,0.0,0.0,0.076371,0.4778102168674699
combined_common_sense_stress,0.15,conformal_risk_filter,9,0.8923611111111112,0.5603112840466926,0.12840466926070038,0.0,0.1670610972762646,0.21476584046692607
combined_common_sense_stress,0.15,executable_common_sense_tests_v4,0,0.4305555555555556,0.5725806451612904,0.024193548387096774,0.0,0.14052551612903225,0.38648516935483873
combined_common_sense_stress,0.15,executable_common_sense_tests_v4,1,0.0,0.0,0.0,0.0,0.0,0.0
combined_common_sense_stress,0.15,executable_common_sense_tests_v4,2,0.4895833333333333,0.9858156028368794,0.0070921985815602835,0.0,0.057251531914893614,0.9191020212765958
combined_common_sense_stress,0.15,executable_common_sense_tests_v4,3,0.2534722222222222,0.8904109589041096,0.1095890410958904,0.0,0.07744428767123288,0.6949813287671233
combined_common_sense_stress,0.15,executable_common_sense_tests_v4,4,0.3715277777777778,0.9252336448598131,0.028037383177570093,0.028037383177570093,0.1303275046728972,0.7018082710280373
combined_common_sense_stress,0.15,executable_common_sense_tests_v4,5,0.2743055555555556,0.6075949367088608,0.0,0.0,0.09415508860759493,0.5263080632911392
combined_common_sense_stress,0.15,executable_common_sense_tests_v4,6,0.3333333333333333,0.8333333333333334,0.0,0.0,0.05596671875,0.7513431979166667
combined_common_sense_stress,0.15,executable_common_sense_tests_v4,7,0.17708333333333334,0.058823529411764705,0.0,0.0,0.07825305882352941,-0.01163
combined_common_sense_stress,0.15,executable_common_sense_tests_v4,8,0.3333333333333333,1.0,0.0,0.0,0.021603708333333332,0.9680433854166667
combined_common_sense_stress,0.15,executable_common_sense_tests_v4,9,0.2743055555555556,0.6075949367088608,0.6075949367088608,0.0,0.19398741772151898,-0.2585086582278481
combined_common_sense_stress,0.15,human_oracle_query_policy,0,0.6145833333333334,0.7457627118644068,0.5988700564971752,0.0,0.17428787570621468,-0.15823737853107345
combined_common_sense_stress,0.15,human_oracle_query_policy,1,0.5555555555555556,0.6125,0.875,0.0,0.23293146875,-0.68714859375
combined_common_sense_stress,0.15,human_oracle_query_policy,2,0.4930555555555556,0.9366197183098591,0.2887323943661972,0.2887323943661972,0.17688664788732394,0.14744085915492958
combined_common_sense_stress,0.15,human_oracle_query_policy,3,0.4618055555555556,0.8045112781954887,0.0,0.0,0.06077818045112782,0.697881977443609
combined_common_sense_stress,0.15,human_oracle_query_policy,4,0.6041666666666666,1.0,0.1839080459770115,0.0,0.06696368390804598,0.7033266264367816
combined_common_sense_stress,0.15,human_oracle_query_policy,5,0.40625,0.042735042735042736,0.0,0.0,0.23608029914529916,-0.1959758205128205
combined_common_sense_stress,0.15,human_oracle_query_policy,6,0.3680555555555556,0.8584905660377359,0.0,0.0,0.0491276037735849,0.801016141509434
combined_common_sense_stress,0.15,human_oracle_query_policy,7,0.6666666666666666,0.59375,0.53125,0.0,0.13717158333333335,-0.19518869270833333
combined_common_sense_stress,0.15,human_oracle_query_policy,8,0.3159722222222222,1.0,0.0,0.0,0.079651,0.8993304945054945
combined_common_sense_stress,0.15,human_oracle_query_policy,9,0.6666666666666666,0.5260416666666666,0.020833333333333332,0.0,0.17020605729166666,0.20912241145833332
combined_common_sense_stress,0.15,policy_repair_from_failed_rollouts,0,0.034722222222222224,0.9,0.9,0.1,0.3125555,-0.4741662
combined_common_sense_stress,0.15,policy_repair_from_failed_rollouts,1,0.0,0.0,0.0,0.0,0.0,0.0
combined_common_sense_stress,0.15,policy_repair_from_failed_rollouts,2,0.5138888888888888,0.8986486486486487,0.02702702702702703,0.0,0.05730272297297297,0.8155308716216216
combined_common_sense_stress,0.15,policy_repair_from_failed_rollouts,3,0.006944444444444444,0.0,0.0,0.0,0.200482,-0.13795600000000002
combined_common_sense_stress,0.15,policy_repair_from_failed_rollouts,4,0.20833333333333334,0.8,0.35,0.0,0.101281,0.30507295
combined_common_sense_stress,0.15,policy_repair_from_failed_rollouts,5,0.4479166666666667,1.0,0.0,0.0,0.13585966666666666,0.8468769147286822
combined_common_sense_stress,0.15,policy_repair_from_failed_rollouts,6,0.1527777777777778,0.8636363636363636,0.2727272727272727,0.0,0.1158515909090909,0.46141072727272725
combined_common_sense_stress,0.15,policy_repair_from_failed_rollouts,7,0.0,0.0,0.0,0.0,0.0,0.0
combined_common_sense_stress,0.15,policy_repair_from_failed_rollouts,8,0.21875,1.0,0.3333333333333333,0.0,0.17554750793650795,0.48566603174603173
combined_common_sense_stress,0.15,policy_repair_from_failed_rollouts,9,0.16666666666666666,1.0,0.0,0.0,0.0024403541666666666,0.98242775
combined_common_sense_stress,0.15,risk_bounded_executable_common_sense_tests_v5,0,0.1701388888888889,1.0,0.0,0.0,0.002910551020408163,0.9808357551020408
combined_common_sense_stress,0.15,risk_bounded_executable_common_sense_tests_v5,1,0.3888888888888889,0.9732142857142857,0.0,0.0,0.018632776785714286,0.9412555982142857
combined_common_sense_stress,0.15,risk_bounded_executable_common_sense_tests_v5,2,0.8923611111111112,0.7782101167315175,0.3151750972762646,0.0,0.154319953307393,0.24184310505836576
combined_common_sense_stress,0.15,risk_bounded_executable_common_sense_tests_v5,3,0.34375,0.9797979797979798,0.0,0.0,0.028201444444444446,0.9480771212121212
combined_common_sense_stress,0.15,risk_bounded_executable_common_sense_tests_v5,4,0.4965277777777778,1.0,0.0,0.0,0.024331195804195804,0.9751251118881119
combined_common_sense_stress,0.15,risk_bounded_executable_common_sense_tests_v5,5,0.5902777777777778,0.9941176470588236,0.6941176470588235,0.0,0.12604236470588234,0.07450148235294117
combined_common_sense_stress,0.15,risk_bounded_executable_common_sense_tests_v5,6,0.7881944444444444,0.775330396475771,0.24669603524229075,0.0,0.12633769603524228,0.3563446651982379
combined_common_sense_stress,0.15,risk_bounded_executable_common_sense_tests_v5,7,0.8125,0.8162393162393162,0.0,0.06837606837606838,0.09339315384615385,0.6484334914529915
combined_common_sense_stress,0.15,risk_bounded_executable_common_sense_tests_v5,8,0.7638888888888888,0.8090909090909091,0.0,0.0,0.036360113636363635,0.7606294318181818
combined_common_sense_stress,0.15,risk_bounded_executable_common_sense_tests_v5,9,0.4409722222222222,0.7559055118110236,0.0,0.0,0.02591273228346457,0.7248297244094488
low_signal_common_sense_stress,0.00,active_perception_planner,0,0.020833333333333332,1.0,0.0,0.0,0.0,0.9804246666666667
low_signal_common_sense_stress,0.00,active_perception_planner,1,0.03125,1.0,0.0,0.0,0.0,0.9804867777777778
low_signal_common_sense_stress,0.00,active_perception_planner,2,0.0,0.0,0.0,0.0,0.0,0.0
low_signal_common_sense_stress,0.00,active_perception_planner,3,0.0,0.0,0.0,0.0,0.0,0.0
low_signal_common_sense_stress,0.00,active_perception_planner,4,0.0,0.0,0.0,0.0,0.0,0.0
low_signal_common_sense_stress,0.00,active_perception_planner,5,0.0,0.0,0.0,0.0,0.0,0.0
low_signal_common_sense_stress,0.00,active_perception_planner,6,0.0,0.0,0.0,0.0,0.0,0.0
low_signal_common_sense_stress,0.00,active_perception_planner,7,0.0,0.0,0.0,0.0,0.0,0.0
low_signal_common_sense_stress,0.00,active_perception_planner,8,0.020833333333333332,1.0,0.0,0.0,0.0,0.9803991666666667
low_signal_common_sense_stress,0.00,active_perception_planner,9,0.0,0.0,0.0,0.0,0.0,0.0
low_signal_common_sense_stress,0.00,conformal_risk_filter,0,0.3055555555555556,0.5454545454545454,0.0,0.0,0.07746268181818182,0.48166267045454547
low_signal_common_sense_stress,0.00,conformal_risk_filter,1,0.16666666666666666,1.0,0.0,0.0,0.04079158333333333,0.909292
low_signal_common_sense_stress,0.00,conformal_risk_filter,2,0.2673611111111111,1.0,0.05194805194805195,0.0,0.038172116883116884,0.8669199220779221
low_signal_common_sense_stress,0.00,conformal_risk_filter,3,0.2777777777777778,1.0,0.0,0.0,0.09529875,0.9343025875
low_signal_common_sense_stress,0.00,conformal_risk_filter,4,0.5486111111111112,1.0,0.0,0.0,0.046225822784810126,0.9076770189873418
low_signal_common_sense_stress,0.00,conformal_risk_filter,5,0.3402777777777778,1.0,0.22448979591836735,0.0,0.06527641836734693,0.6806400204081633
low_signal_common_sense_stress,0.00,conformal_risk_filter,6,0.2743055555555556,1.0,0.6075949367088608,0.0,0.2530678481012658,0.0014547088607594905
low_signal_common_sense_stress,0.00,conformal_risk_filter,7,0.3541666666666667,1.0,0.0,0.0,0.12951819607843137,0.8488801764705882
low_signal_common_sense_stress,0.00,conformal_risk_filter,8,0.3541666666666667,0.7843137254901961,0.0,0.0,0.027074843137254903,0.7348199509803922
low_signal_common_sense_stress,0.00,conformal_risk_filter,9,0.5,0.8125,0.013888888888888888,0.0,0.06622017361111111,0.6714450208333334
low_signal_common_sense_stress,0.00,executable_common_sense_tests_v4,0,0.07291666666666667,1.0,0.0,0.0,0.07809961904761904,0.9307171428571429
low_signal_common_sense_stress,0.00,executable_common_sense_tests_v4,1,0.0,0.0,0.0,0.0,0.0,0.0
low_signal_common_sense_stress,0.00,executable_common_sense_tests_v4,2,0.041666666666666664,1.0,0.0,0.0,0.0,0.98386575
low_signal_common_sense_stress,0.00,executable_common_sense_tests_v4,3,0.04861111111111111,1.0,0.0,0.0,0.05357942857142857,0.9473954285714286
low_signal_common_sense_stress,0.00,executable_common_sense_tests_v4,4,0.0,0.0,0.0,0.0,0.0,0.0
low_signal_common_sense_stress,0.00,executable_common_sense_tests_v4,5,0.0,0.0,0.0,0.0,0.0,0.0
low_signal_common_sense_stress,0.00,executable_common_sense_tests_v4,6,0.0,0.0,0.0,0.0,0.0,0.0
low_signal_common_sense_stress,0.00,executable_common_sense_tests_v4,7,0.010416666666666666,1.0,0.0,0.0,0.0,0.983989
low_signal_common_sense_stress,0.00,executable_common_sense_tests_v4,8,0.0,0.0,0.0,0.0,0.0,0.0
low_signal_common_sense_stress,0.00,executable_common_sense_tests_v4,9,0.06944444444444445,1.0,0.0,0.0,0.062066249999999996,0.9416305
low_signal_common_sense_stress,0.00,human_oracle_query_policy,0,0.3819444444444444,0.8727272727272727,0.23636363636363636,0.0,0.06319586363636363,0.4863864
low_signal_common_sense_stress,0.00,human_oracle_query_policy,1,0.4097222222222222,0.788135593220339,0.8983050847457628,0.0,0.16837797457627118,-0.4704345
low_signal_common_sense_stress,0.00,human_oracle_query_policy,2,0.1875,0.8518518518518519,0.2777777777777778,0.0,0.1013867037037037,0.3779193703703704
low_signal_common_sense_stress,0.00,human_oracle_query_policy,3,0.3333333333333333,1.0,0.0,0.0,0.0528083125,0.8533287395833333
low_signal_common_sense_stress,0.00,human_oracle_query_policy,4,0.3333333333333333,1.0,0.0,0.0,0.0007871041666666666,0.95536978125
low_signal_common_sense_stress,0.00,human_oracle_query_policy,5,0.0,0.0,0.0,0.0,0.0,0.0
low_signal_common_sense_stress,0.00,human_oracle_query_policy,6,0.16666666666666666,1.0,0.0,0.0,0.0,0.955905
low_signal_common_sense_stress,0.00,human_oracle_query_policy,7,0.5,0.7152777777777778,0.4652777777777778,0.0,0.0889209375,0.04358752777777778
low_signal_common_sense_stress,0.00,human_oracle_query_policy,8,0.16666666666666666,1.0,0.0,0.0,0.00011672916666666667,0.955825625
low_signal_common_sense_stress,0.00,human_oracle_query_policy,9,0.34375,0.5555555555555556,0.0,0.0,0.13160834343434344,0.2661241111111111
low_signal_common_sense_stress,0.00,policy_repair_from_failed_rollouts,0,0.0,0.0,0.0,0.0,0.0,0.0
low_signal_common_sense_stress,0.00,policy_repair_from_failed_rollouts,1,0.0,0.0,0.0,0.0,0.0,0.0
low_signal_common_sense_stress,0.00,policy_repair_from_failed_rollouts,2,0.0,0.0,0.0,0.0,0.0,0.0
low_signal_common_sense_stress,0.00,policy_repair_from_failed_rollouts,3,0.0,0.0,0.0,0.0,0.0,0.0
low_signal_common_sense_stress,0.00,policy_repair_from_failed_rollouts,4,0.0,0.0,0.0,0.0,0.0,0.0
low_signal_common_sense_stress,0.00,policy_repair_from_failed_rollouts,5,0.003472222222222222,1.0,0.0,0.0,0.114509,0.747488
low_signal_common_sense_stress,0.00,policy_repair_from_failed_rollouts,6,0.0,0.0,0.0,0.0,0.0,0.0
low_signal_common_sense_stress,0.00,policy_repair_from_failed_rollouts,7,0.0,0.0,0.0,0.0,0.0,0.0
low_signal_common_sense_stress,0.00,policy_repair_from_failed_rollouts,8,0.0,0.0,0.0,0.0,0.0,0.0
low_signal_common_sense_stress,0.00,policy_repair_from_failed_rollouts,9,0.006944444444444444,1.0,0.0,0.0,0.0,0.985052
low_signal_common_sense_stress,0.00,risk_bounded_executable_common_sense_tests_v5,0,0.16666666666666666,1.0,0.0,0.0,0.0,0.9837895
low_signal_common_sense_stress,0.00,risk_bounded_executable_common_sense_tests_v5,1,0.2777777777777778,1.0,0.0,0.0,0.0,0.9837802375
low_signal_common_sense_stress,0.00,risk_bounded_executable_common_sense_tests_v5,2,0.4409722222222222,1.0,0.0,0.0,0.023796803149606298,0.9500032047244095
low_signal_common_sense_stress,0.00,risk_bounded_executable_common_sense_tests_v5,3,0.16666666666666666,1.0,0.0,0.0,0.0,0.9837895
low_signal_common_sense_stress,0.00,risk_bounded_executable_common_sense_tests_v5,4,0.16666666666666666,1.0,0.0,0.0,0.0,0.9837895
low_signal_common_sense_stress,0.00,risk_bounded_executable_common_sense_tests_v5,5,0.3993055555555556,1.0,0.591304347826087,0.0,0.07595051304347826,0.23445971304347826
low_signal_common_sense_stress,0.00,risk_bounded_executable_common_sense_tests_v5,6,0.4027777777777778,1.0,0.0,0.0,0.038066836206896555,0.9165909568965518
low_signal_common_sense_stress,0.00,risk_bounded_executable_common_sense_tests_v5,7,0.4166666666666667,1.0,0.0,0.06666666666666667,0.03827375,0.8604654333333334
low_signal_common_sense_stress,0.00,risk_bounded_executable_common_sense_tests_v5,8,0.3090277777777778,1.0,0.0,0.0,0.0,0.9837777752808989
low_signal_common_sense_stress,0.00,risk_bounded_executable_common_sense_tests_v5,9,0.3333333333333333,0.8958333333333334,0.0,0.0,0.021897739583333332,0.8480656875
low_signal_common_sense_stress,0.05,active_perception_planner,0,0.1597222222222222,1.0,0.0,0.0,0.0,0.980250652173913
low_signal_common_sense_stress,0.05,active_perception_planner,1,0.3229166666666667,1.0,0.0,0.0,0.0,0.9802452365591398
low_signal_common_sense_stress,0.05,active_perception_planner,2,0.0,0.0,0.0,0.0,0.0,0.0
low_signal_common_sense_stress,0.05,active_perception_planner,3,0.0,0.0,0.0,0.0,0.0,0.0
low_signal_common_sense_stress,0.05,active_perception_planner,4,0.006944444444444444,1.0,0.0,0.0,0.0,0.9801535
low_signal_common_sense_stress,0.05,active_perception_planner,5,0.0763888888888889,1.0,0.0,0.0,0.11921054545454546,0.7392892272727273
low_signal_common_sense_stress,0.05,active_perception_planner,6,0.0,0.0,0.0,0.0,0.0,0.0
low_signal_common_sense_stress,0.05,active_perception_planner,7,0.13194444444444445,0.0,0.0,0.0,0.016142921052631577,-0.030647
low_signal_common_sense_stress,0.05,active_perception_planner,8,0.2048611111111111,1.0,0.1694915254237288,0.1694915254237288,0.04602266101694916,0.5828873220338984
low_signal_common_sense_stress,0.05,active_perception_planner,9,0.0,0.0,0.0,0.0,0.0,0.0
low_signal_common_sense_stress,0.05,conformal_risk_filter,0,0.4826388888888889,0.34532374100719426,0.0,0.0,0.12060979136690647,0.25594274820143886
low_signal_common_sense_stress,0.05,conformal_risk_filter,1,0.16666666666666666,1.0,0.0,0.0,0.04079158333333333,0.909292
low_signal_common_sense_stress,0.05,conformal_risk_filter,2,0.40625,0.8205128205128205,0.03418803418803419,0.0,0.06622256410256411,0.7046759572649572
low_signal_common_sense_stress,0.05,conformal_risk_filter,3,0.4513888888888889,0.8923076923076924,0.1076923076923077,0.0,0.11915574615384615,0.6813157153846154
low_signal_common_sense_stress,0.05,conformal_risk_filter,4,0.9166666666666666,0.875,0.0,0.0,0.04764801136363636,0.8057988977272728
low_signal_common_sense_stress,0.05,conformal_risk_filter,5,0.5902777777777778,0.7352941176470589,0.4,0.0,0.14031965882352943,0.16059164705882353
low_signal_common_sense_stress,0.05,conformal_risk_filter,6,0.3055555555555556,0.8977272727272727,0.6477272727272727,0.0,0.26545795454545457,-0.14549232954545455
low_signal_common_sense_stress,0.05,conformal_risk_filter,7,0.4236111111111111,1.0,0.0,0.0,0.1308244344262295,0.8581809754098361
low_signal_common_sense_stress,0.05,conformal_risk_filter,8,0.4340277777777778,0.824,0.0,0.0,0.027226992,0.779957472
low_signal_common_sense_stress,0.05,conformal_risk_filter,9,0.6041666666666666,0.8448275862068966,0.011494252873563218,0.0,0.08598424137931035,0.6837464367816092
low_signal_common_sense_stress,0.05,executable_common_sense_tests_v4,0,0.3055555555555556,1.0,0.0,0.0,0.04538810227272727,0.9528412954545454
low_signal_common_sense_stress,0.05,executable_common_sense_tests_v4,1,0.0,0.0,0.0,0.0,0.0,0.0
low_signal_common_sense_stress,0.05,executable_common_sense_tests_v4,2,0.3506944444444444,1.0,0.0,0.0,0.03864943564356436,0.9574622574257425
low_signal_common_sense_stress,0.05,executable_common_sense_tests_v4,3,0.22916666666666666,1.0,0.12121212121212122,0.0,0.04082281818181818,0.8129579545454546
low_signal_common_sense_stress,0.05,executable_common_sense_tests_v4,4,0.14930555555555555,1.0,0.0,0.0,0.11099055813953489,0.8263572325581395
low_signal_common_sense_stress,0.05,executable_common_sense_tests_v4,5,0.15625,1.0,0.0,0.0,0.0,0.9837118666666667
low_signal_common_sense_stress,0.05,executable_common_sense_tests_v4,6,0.17708333333333334,1.0,0.0,0.0,0.0,0.9837474117647059
low_signal_common_sense_stress,0.05,executable_common_sense_tests_v4,7,0.08333333333333333,1.0,0.0,0.0,0.0,0.983841125
low_signal_common_sense_stress,0.05,executable_common_sense_tests_v4,8,0.14930555555555555,1.0,0.0,0.0,0.0003445581395348837,0.9835304418604651
low_signal_common_sense_stress,0.05,executable_common_sense_tests_v4,9,0.11458333333333333,0.696969696969697,0.06060606060606061,0.0,0.0976119090909091,0.5429241515151515
low_signal_common_sense_stress,0.05,human_oracle_query_policy,0,0.5,0.6736111111111112,0.4166666666666667,0.0,0.14032925694444445,-0.009796597222222219
low_signal_common_sense_stress,0.05,human_oracle_query_policy,1,0.5,0.6666666666666666,0.9166666666666666,0.0,0.20349471527777777,-0.65578675
low_signal_common_sense_stress,0.05,human_oracle_query_policy,2,0.3263888888888889,0.7659574468085106,0.1595744680851064,0.0,0.12280679787234043,0.4167613936170213
low_signal_common_sense_stress,0.05,human_oracle_query_policy,3,0.3333333333333333,1.0,0.0,0.0,0.0528083125,0.8533287395833333
low_signal_common_sense_stress,0.05,human_oracle_query_policy,4,0.3888888888888889,1.0,0.0,0.0,0.016319491071428573,0.9508941071428572
low_signal_common_sense_stress,0.05,human_oracle_query_policy,5,0.09027777777777778,0.8846153846153846,0.0,0.0,0.11828723076923077,0.7854661153846154
low_signal_common_sense_stress,0.05,human_oracle_query_policy,6,0.16666666666666666,1.0,0.0,0.0,0.0,0.955905
low_signal_common_sense_stress,0.05,human_oracle_query_policy,7,0.6666666666666666,0.546875,0.515625,0.0,0.13728553645833333,-0.23774796874999998
low_signal_common_sense_stress,0.05,human_oracle_query_policy,8,0.2222222222222222,1.0,0.0,0.0,0.0300910625,0.93544309375
low_signal_common_sense_stress,0.05,human_oracle_query_policy,9,0.5833333333333334,0.4523809523809524,0.011904761904761904,0.0,0.15905529761904763,0.15188229761904762
low_signal_common_sense_stress,0.05,policy_repair_from_failed_rollouts,0,0.0,0.0,0.0,0.0,0.0,0.0
low_signal_common_sense_stress,0.05,policy_repair_from_failed_rollouts,1,0.0,0.0,0.0,0.0,0.0,0.0
low_signal_common_sense_stress,0.05,policy_repair_from_failed_rollouts,2,0.3020833333333333,1.0,0.0,0.0,0.028111942528735633,0.9346390114942529
low_signal_common_sense_stress,0.05,policy_repair_from_failed_rollouts,3,0.0,0.0,0.0,0.0,0.0,0.0
low_signal_common_sense_stress,0.05,policy_repair_from_failed_rollouts,4,0.13194444444444445,1.0,0.0,0.0,0.0,0.9850268684210526
low_signal_common_sense_stress,0.05,policy_repair_from_failed_rollouts,5,0.1423611111111111,1.0,0.0,0.0,0.13568931707317072,0.7327671463414634
low_signal_common_sense_stress,0.05,policy_repair_from_failed_rollouts,6,0.0,0.0,0.0,0.0,0.0,0.0
low_signal_common_sense_stress,0.05,policy_repair_from_failed_rollouts,7,0.0,0.0,0.0,0.0,0.0,0.0
low_signal_common_sense_stress,0.05,policy_repair_from_failed_rollouts,8,0.0,0.0,0.0,0.0,0.0,0.0
low_signal_common_sense_stress,0.05,policy_repair_from_failed_rollouts,9,0.1597222222222222,1.0,0.0,0.0,0.0,0.9849898260869565
low_signal_common_sense_stress,0.05,risk_bounded_executable_common_sense_tests_v5,0,0.19791666666666666,1.0,0.0,0.0,0.01858454385964912,0.971172701754386
low_signal_common_sense_stress,0.05,risk_bounded_executable_common_sense_tests_v5,1,0.3333333333333333,0.875,0.0,0.0,0.028353541666666666,0.8195090833333334
low_signal_common_sense_stress,0.05,risk_bounded_executable_common_sense_tests_v5,2,0.53125,1.0,0.1437908496732026,0.0,0.07019477777777777,0.7298165555555556
low_signal_common_sense_stress,0.05,risk_bounded_executable_common_sense_tests_v5,3,0.16666666666666666,1.0,0.0,0.0,0.0,0.9837895
low_signal_common_sense_stress,0.05,risk_bounded_executable_common_sense_tests_v5,4,0.1736111111111111,1.0,0.0,0.0,0.00235348,0.9824697800000001
low_signal_common_sense_stress,0.05,risk_bounded_executable_common_sense_tests_v5,5,0.4965277777777778,0.986013986013986,0.6643356643356644,0.0,0.09396416783216784,0.11975702097902098
low_signal_common_sense_stress,0.05,risk_bounded_executable_common_sense_tests_v5,6,0.5451388888888888,1.0,0.044585987261146494,0.0,0.054343694267515924,0.8498464394904459
low_signal_common_sense_stress,0.05,risk_bounded_executable_common_sense_tests_v5,7,0.5,1.0,0.0,0.05555555555555555,0.0576129375,0.8401681805555555
low_signal_common_sense_stress,0.05,risk_bounded_executable_common_sense_tests_v5,8,0.4201388888888889,0.7355371900826446,0.0,0.0,0.04424693388429752,0.6588123140495867
low_signal_common_sense_stress,0.05,risk_bounded_executable_common_sense_tests_v5,9,0.3333333333333333,0.8958333333333334,0.0,0.0,0.021897739583333332,0.8480656875
low_signal_common_sense_stress,0.10,active_perception_planner,0,0.3020833333333333,1.0,0.0,0.0,0.04056434482758621,0.9570614942528736
low_signal_common_sense_stress,0.10,active_perception_planner,1,0.3993055555555556,1.0,0.0,0.0,0.014382547826086957,0.9730757130434783
low_signal_common_sense_stress,0.10,active_perception_planner,2,0.03125,0.0,0.0,0.0,0.13284844444444444,-0.094212
low_signal_common_sense_stress,0.10,active_perception_planner,3,0.19791666666666666,1.0,0.0,0.0,0.07873068421052631,0.9425881228070175
low_signal_common_sense_stress,0.10,active_perception_planner,4,0.027777777777777776,1.0,0.0,0.0,0.04070475,0.95249325
low_signal_common_sense_stress,0.10,active_perception_planner,5,0.1597222222222222,1.0,0.5217391304347826,0.0,0.22473171739130435,0.051781086956521734
low_signal_common_sense_stress,0.10,active_perception_planner,6,0.13541666666666666,1.0,0.07692307692307693,0.0,0.09004641025641026,0.8441241794871794
low_signal_common_sense_stress,0.10,active_perception_planner,7,0.1701388888888889,0.0,0.0,0.0,0.024199836734693878,-0.03590169387755102
low_signal_common_sense_stress,0.10,active_perception_planner,8,0.4826388888888889,1.0,0.33093525179856115,0.33093525179856115,0.11785387769784172,0.1900741654676259
low_signal_common_sense_stress,0.10,active_perception_planner,9,0.0763888888888889,1.0,0.0,0.0,0.08774886363636364,0.9364557272727273
low_signal_common_sense_stress,0.10,conformal_risk_filter,0,0.5451388888888888,0.4140127388535032,0.0,0.0,0.11822949681528662,0.32699237579617835
low_signal_common_sense_stress,0.10,conformal_risk_filter,1,0.21180555555555555,1.0,0.0,0.0,0.05371672131147541,0.913732131147541
low_signal_common_sense_stress,0.10,conformal_risk_filter,2,0.53125,0.6993464052287581,0.026143790849673203,0.0,0.0976089477124183,0.5786165294117647
low_signal_common_sense_stress,0.10,conformal_risk_filter,3,0.5694444444444444,0.7560975609756098,0.24390243902439024,0.0,0.16487814024390243,0.35071511585365855
low_signal_common_sense_stress,0.10,conformal_risk_filter,4,0.9722222222222222,0.8285714285714286,0.0,0.0,0.05139453214285714,0.7588744821428571
low_signal_common_sense_stress,0.10,conformal_risk_filter,5,0.6979166666666666,0.6517412935323383,0.4626865671641791,0.0,0.17133630845771144,-0.017036980099502486
low_signal_common_sense_stress,0.10,conformal_risk_filter,6,0.3541666666666667,0.9117647058823529,0.5588235294117647,0.0,0.2413723137254902,0.0030286568627450974
low_signal_common_sense_stress,0.10,conformal_risk_filter,7,0.4340277777777778,0.992,0.0,0.0,0.131440568,0.849729136
low_signal_common_sense_stress,0.10,conformal_risk_filter,8,0.5868055555555556,0.7337278106508875,0.0,0.0,0.04786521893491124,0.6820648639053254
low_signal_common_sense_stress,0.10,conformal_risk_filter,9,0.8333333333333334,0.7416666666666667,0.058333333333333334,0.0,0.13317410833333335,0.4849011916666667
low_signal_common_sense_stress,0.10,executable_common_sense_tests_v4,0,0.3784722222222222,0.8440366972477065,0.0,0.0,0.07617745871559634,0.7509988256880734
low_signal_common_sense_stress,0.10,executable_common_sense_tests_v4,1,0.0,0.0,0.0,0.0,0.0,0.0
low_signal_common_sense_stress,0.10,executable_common_sense_tests_v4,2,0.4965277777777778,1.0,0.0,0.0,0.05787518181818182,0.9264310769230769
low_signal_common_sense_stress,0.10,executable_common_sense_tests_v4,3,0.25,0.9583333333333334,0.1527777777777778,0.0,0.05178116666666666,0.7265588055555555
low_signal_common_sense_stress,0.10,executable_common_sense_tests_v4,4,0.3263888888888889,1.0,0.0,0.0,0.1197038085106383,0.8353557978723404
low_signal_common_sense_stress,0.10,executable_common_sense_tests_v4,5,0.1909722222222222,0.8727272727272727,0.0,0.0,0.02834947272727273,0.8370983272727273
low_signal_common_sense_stress,0.10,executable_common_sense_tests_v4,6,0.3055555555555556,0.7613636363636364,0.0,0.0,0.05840734090909091,0.6671610340909091
low_signal_common_sense_stress,0.10,executable_common_sense_tests_v4,7,0.16666666666666666,0.5,0.0,0.0,0.029255125,0.46379145833333335
low_signal_common_sense_stress,0.10,executable_common_sense_tests_v4,8,0.2881944444444444,1.0,0.0,0.0,0.01874932530120482,0.9727639638554217
low_signal_common_sense_stress,0.10,executable_common_sense_tests_v4,9,0.3020833333333333,0.7586206896551724,0.5172413793103449,0.0,0.1459165172413793,0.0327611724137931
low_signal_common_sense_stress,0.10,human_oracle_query_policy,0,0.5590277777777778,0.7080745341614907,0.4782608695652174,0.0,0.1449805155279503,-0.04116443478260869
low_signal_common_sense_stress,0.10,human_oracle_query_policy,1,0.5,0.6666666666666666,0.9166666666666666,0.0,0.20349471527777777,-0.65578675
low_signal_common_sense_stress,0.10,human_oracle_query_policy,2,0.4131944444444444,0.8151260504201681,0.19327731092436976,0.06722689075630252,0.1390773193277311,0.36229534453781514
low_signal_common_sense_stress,0.10,human_oracle_query_policy,3,0.4409722222222222,1.0,0.0,0.0,0.06117725196850394,0.8591922755905512
low_signal_common_sense_stress,0.10,human_oracle_query_policy,4,0.6840277777777778,1.0,0.18781725888324874,0.0,0.06107014720812183,0.7065940913705584
low_signal_common_sense_stress,0.10,human_oracle_query_policy,5,0.20833333333333334,0.48333333333333334,0.0,0.0,0.1568894,0.36431790000000003
low_signal_common_sense_stress,0.10,human_oracle_query_policy,6,0.3055555555555556,1.0,0.0,0.0,0.0043788636363636365,0.9722931136363636
low_signal_common_sense_stress,0.10,human_oracle_query_policy,7,0.6770833333333334,0.5538461538461539,0.5076923076923077,0.0,0.13829670256410256,-0.2233139692307692
low_signal_common_sense_stress,0.10,human_oracle_query_policy,8,0.3263888888888889,1.0,0.0,0.0,0.06637289361702128,0.9107715212765958
low_signal_common_sense_stress,0.10,human_oracle_query_policy,9,0.6666666666666666,0.5208333333333334,0.13541666666666666,0.0,0.17537981770833333,0.08559034375
low_signal_common_sense_stress,0.10,policy_repair_from_failed_rollouts,0,0.003472222222222222,0.0,0.0,0.0,0.143085,-0.098788
low_signal_common_sense_stress,0.10,policy_repair_from_failed_rollouts,1,0.0,0.0,0.0,0.0,0.0,0.0
low_signal_common_sense_stress,0.10,policy_repair_from_failed_rollouts,2,0.4201388888888889,0.9917355371900827,0.01652892561983471,0.0,0.040691049586776856,0.9098630330578512
low_signal_common_sense_stress,0.10,policy_repair_from_failed_rollouts,3,0.006944444444444444,1.0,0.0,0.0,0.0963765,0.9329735
low_signal_common_sense_stress,0.10,policy_repair_from_failed_rollouts,4,0.16666666666666666,1.0,0.20833333333333334,0.0,0.03386102083333333,0.7161281041666666
low_signal_common_sense_stress,0.10,policy_repair_from_failed_rollouts,5,0.3333333333333333,1.0,0.0,0.0,0.11655560416666666,0.8296992916666667
low_signal_common_sense_stress,0.10,policy_repair_from_failed_rollouts,6,0.010416666666666666,1.0,0.0,0.0,0.0,0.99851
low_signal_common_sense_stress,0.10,policy_repair_from_failed_rollouts,7,0.003472222222222222,1.0,0.0,0.0,0.106207,0.926289
low_signal_common_sense_stress,0.10,policy_repair_from_failed_rollouts,8,0.14930555555555555,1.0,0.046511627906976744,0.0,0.057775976744186046,0.9043383488372093
low_signal_common_sense_stress,0.10,policy_repair_from_failed_rollouts,9,0.18055555555555555,1.0,0.0,0.0,0.006335230769230769,0.98171925
low_signal_common_sense_stress,0.10,risk_bounded_executable_common_sense_tests_v5,0,0.2048611111111111,1.0,0.0,0.0,0.022200237288135593,0.9687133220338984
low_signal_common_sense_stress,0.10,risk_bounded_executable_common_sense_tests_v5,1,0.3402777777777778,0.8775510204081632,0.0,0.0,0.028209377551020407,0.8228616428571429
low_signal_common_sense_stress,0.10,risk_bounded_executable_common_sense_tests_v5,2,0.7465277777777778,0.9627906976744186,0.24651162790697675,0.0,0.10086425581395349,0.5521462837209302
low_signal_common_sense_stress,0.10,risk_bounded_executable_common_sense_tests_v5,3,0.3020833333333333,1.0,0.0,0.0,0.005373413793103448,0.9866228850574713
low_signal_common_sense_stress,0.10,risk_bounded_executable_common_sense_tests_v5,4,0.4236111111111111,1.0,0.0,0.0,0.0069079754098360655,0.9877477459016394
low_signal_common_sense_stress,0.10,risk_bounded_executable_common_sense_tests_v5,5,0.5347222222222222,0.987012987012987,0.6233766233766234,0.0,0.08999137012987013,0.17288566883116885
low_signal_common_sense_stress,0.10,risk_bounded_executable_common_sense_tests_v5,6,0.7083333333333334,0.9411764705882353,0.10784313725490197,0.0,0.0684385,0.7177821519607843
low_signal_common_sense_stress,0.10,risk_bounded_executable_common_sense_tests_v5,7,0.7604166666666666,0.8264840182648402,0.0,0.0365296803652968,0.07516837442922375,0.6954392191780822
low_signal_common_sense_stress,0.10,risk_bounded_executable_common_sense_tests_v5,8,0.6354166666666666,0.7759562841530054,0.0,0.0,0.04228693989071038,0.7115799071038251
low_signal_common_sense_stress,0.10,risk_bounded_executable_common_sense_tests_v5,9,0.3784722222222222,0.908256880733945,0.0,0.0,0.01928608256880734,0.8659788899082569
low_signal_common_sense_stress,0.15,active_perception_planner,0,0.3611111111111111,1.0,0.0,0.0,0.05085713461538462,0.9516297884615385
low_signal_common_sense_stress,0.15,active_perception_planner,1,0.4652777777777778,1.0,0.0,0.0,0.02729567910447761,0.9661762164179105
low_signal_common_sense_stress,0.15,active_perception_planner,2,0.08333333333333333,0.0,0.0,0.0,0.13968970833333333,-0.09886404166666667
low_signal_common_sense_stress,0.15,active_perception_planner,3,0.4479166666666667,0.7674418604651163,0.023255813953488372,0.0,0.08393235658914729,0.6790509457364341
low_signal_common_sense_stress,0.15,active_perception_planner,4,0.28125,0.5555555555555556,0.13580246913580246,0.0,0.16635097530864199,0.2695046790123457
low_signal_common_sense_stress,0.15,active_perception_planner,5,0.22916666666666666,0.9393939393939394,0.6212121212121212,0.0,0.21761012121212123,-0.07364428787878788
low_signal_common_sense_stress,0.15,active_perception_planner,6,0.2152777777777778,0.8225806451612904,0.22580645161290322,0.0,0.13740590322580645,0.4588179838709677
low_signal_common_sense_stress,0.15,active_perception_planner,7,0.4791666666666667,0.34057971014492755,0.15942028985507245,0.0,0.08483006521739131,0.08537551449275363
low_signal_common_sense_stress,0.15,active_perception_planner,8,0.4965277777777778,1.0,0.3356643356643357,0.3356643356643357,0.1204566013986014,0.17817063636363636
low_signal_common_sense_stress,0.15,active_perception_planner,9,0.25,0.6666666666666666,0.0,0.0,0.127416,0.5761487222222222
low_signal_common_sense_stress,0.15,conformal_risk_filter,0,0.7256944444444444,0.5598086124401914,0.06698564593301436,0.0,0.12817023444976078,0.38841114354066986
low_signal_common_sense_stress,0.15,conformal_risk_filter,1,0.7395833333333334,0.8450704225352113,0.09389671361502347,0.0,0.12597769014084506,0.6323367511737089
low_signal_common_sense_stress,0.15,conformal_risk_filter,2,0.6944444444444444,0.77,0.1,0.0,0.115339655,0.555376695
low_signal_common_sense_stress,0.15,conformal_risk_filter,3,0.8958333333333334,0.8449612403100775,0.3023255813953488,0.0,0.17169731007751937,0.36766612015503874
low_signal_common_sense_stress,0.15,conformal_risk_filter,4,0.9965277777777778,0.8292682926829268,0.0,0.0,0.0534667212543554,0.7589879721254356
low_signal_common_sense_stress,0.15,conformal_risk_filter,5,0.7743055555555556,0.6860986547085202,0.515695067264574,0.0,0.18231304932735426,-0.05216058744394619
low_signal_common_sense_stress,0.15,conformal_risk_filter,6,0.7291666666666666,0.9571428571428572,0.2714285714285714,0.0,0.17752175714285715,0.47047094285714286
low_signal_common_sense_stress,0.15,conformal_risk_filter,7,0.7256944444444444,0.9617224880382775,0.0,0.0,0.1302240765550239,0.8411771339712919
low_signal_common_sense_stress,0.15,conformal_risk_filter,8,0.7534722222222222,0.7788018433179723,0.027649769585253458,0.0,0.06659836405529954,0.685803935483871
low_signal_common_sense_stress,0.15,conformal_risk_filter,9,0.9895833333333334,0.7298245614035088,0.08421052631578947,0.0,0.14810724210526316,0.4372003192982456
low_signal_common_sense_stress,0.15,executable_common_sense_tests_v4,0,0.5694444444444444,0.7134146341463414,0.1524390243902439,0.0,0.14374125,0.37598288414634146
low_signal_common_sense_stress,0.15,executable_common_sense_tests_v4,1,0.03819444444444445,1.0,0.0,0.0,0.04035627272727273,0.9716635454545455
low_signal_common_sense_stress,0.15,executable_common_sense_tests_v4,2,0.5729166666666666,1.0,0.13333333333333333,0.0,0.08972369696969697,0.7518833515151515
low_signal_common_sense_stress,0.15,executable_common_sense_tests_v4,3,0.3958333333333333,0.9298245614035088,0.09649122807017543,0.0,0.08645537719298245,0.7465601842105263
low_signal_common_sense_stress,0.15,executable_common_sense_tests_v4,4,0.4618055555555556,0.9849624060150376,0.007518796992481203,0.007518796992481203,0.12118781203007518,0.8254902330827067
low_signal_common_sense_stress,0.15,executable_common_sense_tests_v4,5,0.2465277777777778,0.7605633802816901,0.08450704225352113,0.0,0.0761579014084507,0.5948886056338029
low_signal_common_sense_stress,0.15,executable_common_sense_tests_v4,6,0.3333333333333333,0.6979166666666666,0.0,0.0,0.07515522916666667,0.5821627604166667
low_signal_common_sense_stress,0.15,executable_common_sense_tests_v4,7,0.2708333333333333,0.6923076923076923,0.0,0.0,0.07445857692307692,0.6254171025641025
low_signal_common_sense_stress,0.15,executable_common_sense_tests_v4,8,0.2986111111111111,1.0,0.0,0.0,0.02214936046511628,0.9709260930232558
low_signal_common_sense_stress,0.15,executable_common_sense_tests_v4,9,0.3333333333333333,0.71875,0.5,0.0,0.15143279166666668,0.01043942708333333
low_signal_common_sense_stress,0.15,human_oracle_query_policy,0,0.6597222222222222,0.7526315789473684,0.5578947368421052,0.0,0.15495881578947368,-0.08441531578947369
low_signal_common_sense_stress,0.15,human_oracle_query_policy,1,0.625,0.5388888888888889,0.7333333333333333,0.0,0.21662498333333333,-0.5870869055555555
low_signal_common_sense_stress,0.15,human_oracle_query_policy,2,0.5833333333333334,0.7559523809523809,0.25595238095238093,0.16666666666666666,0.18097063095238095,0.09838141666666667
low_signal_common_sense_stress,0.15,human_oracle_query_policy,3,0.65625,0.8095238095238095,0.0,0.0,0.07846780952380952,0.6763153386243387
low_signal_common_sense_stress,0.15,human_oracle_query_policy,4,0.7534722222222222,1.0,0.24423963133640553,0.0,0.07427111059907834,0.6315303594470046
low_signal_common_sense_stress,0.15,human_oracle_query_policy,5,0.4583333333333333,0.22727272727272727,0.0,0.0,0.20237977272727273,0.038388204545454545
low_signal_common_sense_stress,0.15,human_oracle_query_policy,6,0.4548611111111111,0.732824427480916,0.0,0.0,0.06776441984732824,0.6427731297709923
low_signal_common_sense_stress,0.15,human_oracle_query_policy,7,0.71875,0.5700483091787439,0.4782608695652174,0.0,0.1431577729468599,-0.18017804347826086
low_signal_common_sense_stress,0.15,human_oracle_query_policy,8,0.3333333333333333,1.0,0.0,0.0,0.06853683333333334,0.9093000416666667
low_signal_common_sense_stress,0.15,human_oracle_query_policy,9,0.6666666666666666,0.5208333333333334,0.13541666666666666,0.0,0.17537981770833333,0.08559034375
low_signal_common_sense_stress,0.15,policy_repair_from_failed_rollouts,0,0.21875,0.5079365079365079,0.5079365079365079,0.0,0.22747790476190477,-0.24760390476190478
low_signal_common_sense_stress,0.15,policy_repair_from_failed_rollouts,1,0.0,0.0,0.0,0.0,0.0,0.0
low_signal_common_sense_stress,0.15,policy_repair_from_failed_rollouts,2,0.6875,0.7070707070707071,0.010101010101010102,0.0,0.08655261616161616,0.6137712929292929
low_signal_common_sense_stress,0.15,policy_repair_from_failed_rollouts,3,0.19791666666666666,0.42105263157894735,0.38596491228070173,0.0,0.17495631578947368,-0.1548466842105263
low_signal_common_sense_stress,0.15,policy_repair_from_failed_rollouts,4,0.2708333333333333,0.6153846153846154,0.1282051282051282,0.0,0.0840165641025641,0.3971592435897436
low_signal_common_sense_stress,0.15,policy_repair_from_failed_rollouts,5,0.4930555555555556,0.9929577464788732,0.0,0.0,0.11733990845070423,0.8485428028169014
low_signal_common_sense_stress,0.15,policy_repair_from_failed_rollouts,6,0.3680555555555556,0.7735849056603774,0.33962264150943394,0.0,0.1357467641509434,0.27903204716981134
low_signal_common_sense_stress,0.15,policy_repair_from_failed_rollouts,7,0.024305555555555556,0.14285714285714285,0.0,0.0,0.16717514285714286,0.02768771428571429
low_signal_common_sense_stress,0.15,policy_repair_from_failed_rollouts,8,0.6215277777777778,0.770949720670391,0.24581005586592178,0.0,0.13604372067039106,0.38689382681564244
low_signal_common_sense_stress,0.15,policy_repair_from_failed_rollouts,9,0.18055555555555555,1.0,0.0,0.0,0.006335230769230769,0.98171925
low_signal_common_sense_stress,0.15,risk_bounded_executable_common_sense_tests_v5,0,0.2048611111111111,1.0,0.0,0.0,0.022200237288135593,0.9687133220338984
low_signal_common_sense_stress,0.15,risk_bounded_executable_common_sense_tests_v5,1,0.4340277777777778,0.712,0.0,0.0,0.076138456,0.601292792
low_signal_common_sense_stress,0.15,risk_bounded_executable_common_sense_tests_v5,2,0.9270833333333334,0.8689138576779026,0.30711610486891383,0.0,0.13475540823970036,0.3555156928838951
low_signal_common_sense_stress,0.15,risk_bounded_executable_common_sense_tests_v5,3,0.4097222222222222,0.8220338983050848,0.0,0.0,0.05616677966101695,0.747740313559322
low_signal_common_sense_stress,0.15,risk_bounded_executable_common_sense_tests_v5,4,0.5034722222222222,1.0,0.0,0.0,0.011380475862068966,0.9856289931034483
low_signal_common_sense_stress,0.15,risk_bounded_executable_common_sense_tests_v5,5,0.6527777777777778,0.9893617021276596,0.6914893617021277,0.0,0.11407954787234043,0.08130446276595746
low_signal_common_sense_stress,0.15,risk_bounded_executable_common_sense_tests_v5,6,0.8923611111111112,0.754863813229572,0.21011673151750973,0.0,0.11971205447470817,0.3752074513618677
low_signal_common_sense_stress,0.15,risk_bounded_executable_common_sense_tests_v5,7,0.8229166666666666,0.810126582278481,0.0,0.03375527426160337,0.07848436286919831,0.6827654978902954
low_signal_common_sense_stress,0.15,risk_bounded_executable_common_sense_tests_v5,8,0.6458333333333334,0.7795698924731183,0.010752688172043012,0.0,0.044119430107526884,0.7015702043010753
low_signal_common_sense_stress,0.15,risk_bounded_executable_common_sense_tests_v5,9,0.5520833333333334,0.6289308176100629,0.0,0.0,0.06334332704402516,0.5472048050314465
