stress_level,method,metric,mean,ci95,n
0.0,active_perception_planner,assumption_diagnosis_accuracy,0.7613425925925926,0.06053332429728364,10
0.0,active_perception_planner,unsafe_affordance_rejection_recall,0.28552579365079367,0.08883398118958627,10
0.0,active_perception_planner,false_rejection_rate,0.1829761904761905,0.09004465394579572,10
0.0,active_perception_planner,calibration_error,0.17707650728156238,0.06523140748304328,10
0.0,active_perception_planner,test_informativeness,0.03306013653126638,0.015555831515125892,10
0.0,active_perception_planner,assumption_coverage,0.3380208333333333,0.04749770746579432,10
0.0,active_perception_planner,counterfactual_test_validity,0.3042125,0.04770073352926144,10
0.0,active_perception_planner,task_success,0.8166666666666667,0.09312120383602952,10
0.0,active_perception_planner,physical_violation_rate,0.1875,0.09202222682671747,10
0.0,active_perception_planner,damage_spill_collision_rate,0.06712962962962962,0.04275420225778499,10
0.0,active_perception_planner,test_query_cost,0.009176026666666667,0.0024838494552932282,10
0.0,active_perception_planner,human_query_burden,0.0,0.0,10
0.0,active_perception_planner,planning_regret_to_oracle,0.07575122147222277,0.01717889877356819,10
0.0,active_perception_planner,robust_utility,0.4588950456785236,0.12359195522271234,10
0.0,conformal_risk_filter,assumption_diagnosis_accuracy,0.5527777777777778,0.14732731050200124,10
0.0,conformal_risk_filter,unsafe_affordance_rejection_recall,0.4702331349206349,0.14029516073158022,10
0.0,conformal_risk_filter,false_rejection_rate,0.4678918650793651,0.1159078632954012,10
0.0,conformal_risk_filter,calibration_error,0.1852644053926465,0.08598817750892655,10
0.0,conformal_risk_filter,test_informativeness,0.04245993119952708,0.011462706286307595,10
0.0,conformal_risk_filter,assumption_coverage,0.48802083333333335,0.07115061057113327,10
0.0,conformal_risk_filter,counterfactual_test_validity,0.27218009259259257,0.0450853745969459,10
0.0,conformal_risk_filter,task_success,0.712037037037037,0.08192168687267136,10
0.0,conformal_risk_filter,physical_violation_rate,0.16921296296296295,0.09038577949356497,10
0.0,conformal_risk_filter,damage_spill_collision_rate,0.012962962962962963,0.02167672025904387,10
0.0,conformal_risk_filter,test_query_cost,0.010159450104166667,0.0024988280169007146,10
0.0,conformal_risk_filter,human_query_burden,0.0,0.0,10
0.0,conformal_risk_filter,planning_regret_to_oracle,0.09282613599922493,0.026513229253395686,10
0.0,conformal_risk_filter,robust_utility,0.3923483989911289,0.21222684080708057,10
0.0,executable_common_sense_tests_v4,assumption_diagnosis_accuracy,0.7277777777777777,0.10333693243433476,10
0.0,executable_common_sense_tests_v4,unsafe_affordance_rejection_recall,0.42134424603174603,0.12256999205015293,10
0.0,executable_common_sense_tests_v4,false_rejection_rate,0.34591765873015873,0.0849453898558298,10
0.0,executable_common_sense_tests_v4,calibration_error,0.22250074159072125,0.09451233399080997,10
0.0,executable_common_sense_tests_v4,test_informativeness,0.0768858305633485,0.01917979872149975,10
0.0,executable_common_sense_tests_v4,assumption_coverage,0.3958333333333333,0.07834891215012511,10
0.0,executable_common_sense_tests_v4,counterfactual_test_validity,0.440930462962963,0.0574687226150585,10
0.0,executable_common_sense_tests_v4,task_success,0.78125,0.04894138488511949,10
0.0,executable_common_sense_tests_v4,physical_violation_rate,0.20300925925925925,0.06849790737989357,10
0.0,executable_common_sense_tests_v4,damage_spill_collision_rate,0.06412037037037037,0.04587196495132572,10
0.0,executable_common_sense_tests_v4,test_query_cost,0.012659125173611112,0.0029367622729148807,10
0.0,executable_common_sense_tests_v4,human_query_burden,0.0,0.0,10
0.0,executable_common_sense_tests_v4,planning_regret_to_oracle,0.09900382784773469,0.021245663498613974,10
0.0,executable_common_sense_tests_v4,robust_utility,0.38391181125798257,0.12353523304431965,10
0.0,failure_retrieval_policy,assumption_diagnosis_accuracy,0.6175925925925926,0.09332484100596311,10
0.0,failure_retrieval_policy,unsafe_affordance_rejection_recall,0.146046626984127,0.10225480151813593,10
0.0,failure_retrieval_policy,false_rejection_rate,0.13565228174603175,0.07867540537862186,10
0.0,failure_retrieval_policy,calibration_error,0.194018744614851,0.09072878812281933,10
0.0,failure_retrieval_policy,test_informativeness,0.015943147521194637,0.009449317536754051,10
0.0,failure_retrieval_policy,assumption_coverage,0.48489583333333336,0.0785769102575132,10
0.0,failure_retrieval_policy,counterfactual_test_validity,0.2500438888888889,0.029988893452157255,10
0.0,failure_retrieval_policy,task_success,0.6574074074074074,0.09037957961745266,10
0.0,failure_retrieval_policy,physical_violation_rate,0.23981481481481481,0.09447549739636948,10
0.0,failure_retrieval_policy,damage_spill_collision_rate,0.08032407407407408,0.05013169299615942,10
0.0,failure_retrieval_policy,test_query_cost,0.0038591108333333327,0.0019335440228061022,10
0.0,failure_retrieval_policy,human_query_burden,0.0,0.0,10
0.0,failure_retrieval_policy,planning_regret_to_oracle,0.13037360822533622,0.02499305747765207,10
0.0,failure_retrieval_policy,robust_utility,0.19506116983549526,0.20846342434714019,10
0.0,human_oracle_query_policy,assumption_diagnosis_accuracy,0.8798611111111111,0.06826511289261245,10
0.0,human_oracle_query_policy,unsafe_affordance_rejection_recall,0.5813293650793651,0.17902452833731797,10
0.0,human_oracle_query_policy,false_rejection_rate,0.6000744047619048,0.14353229710217952,10
0.0,human_oracle_query_policy,calibration_error,0.16452683147159083,0.06161012901191358,10
0.0,human_oracle_query_policy,test_informativeness,0.015858252892540742,0.008038629030198275,10
0.0,human_oracle_query_policy,assumption_coverage,0.2572916666666667,0.048415202454432676,10
0.0,human_oracle_query_policy,counterfactual_test_validity,0.2527719444444444,0.037893796546773245,10
0.0,human_oracle_query_policy,task_success,0.7969907407407407,0.05865113646764916,10
0.0,human_oracle_query_policy,physical_violation_rate,0.20277777777777778,0.08423969066847367,10
0.0,human_oracle_query_policy,damage_spill_collision_rate,0.03888888888888889,0.03441242814879341,10
0.0,human_oracle_query_policy,test_query_cost,0.026716302604166665,0.008520643421965847,10
0.0,human_oracle_query_policy,human_query_burden,0.3020833333333333,0.10555533648269809,10
0.0,human_oracle_query_policy,planning_regret_to_oracle,0.08714595716813818,0.02338784878140433,10
0.0,human_oracle_query_policy,robust_utility,0.40692654851520804,0.1578197638500006,10
0.0,model_to_model_deliberation,assumption_diagnosis_accuracy,0.6270833333333333,0.10061918922872301,10
0.0,model_to_model_deliberation,unsafe_affordance_rejection_recall,0.0,0.0,10
0.0,model_to_model_deliberation,false_rejection_rate,0.08129464285714286,0.0655338526028878,10
0.0,model_to_model_deliberation,calibration_error,0.15987196365542403,0.06440347973117458,10
0.0,model_to_model_deliberation,test_informativeness,0.003849435648224144,0.004169716835319312,10
0.0,model_to_model_deliberation,assumption_coverage,0.43828125,0.07502739187611583,10
0.0,model_to_model_deliberation,counterfactual_test_validity,0.2688185185185185,0.014133166301520938,10
0.0,model_to_model_deliberation,task_success,0.5969907407407408,0.094582563059736,10
0.0,model_to_model_deliberation,physical_violation_rate,0.28032407407407406,0.07375364264742908,10
0.0,model_to_model_deliberation,damage_spill_collision_rate,0.08819444444444444,0.048708097350679214,10
0.0,model_to_model_deliberation,test_query_cost,0.00128303,0.0008483587918000497,10
0.0,model_to_model_deliberation,human_query_burden,0.0,0.0,10
0.0,model_to_model_deliberation,planning_regret_to_oracle,0.14826252236324314,0.02118810800627105,10
0.0,model_to_model_deliberation,robust_utility,0.08302827542610954,0.16254292416244545,10
0.0,policy_repair_from_failed_rollouts,assumption_diagnosis_accuracy,0.6814814814814815,0.10360660706531825,10
0.0,policy_repair_from_failed_rollouts,unsafe_affordance_rejection_recall,0.2406547619047619,0.19318344681179347,10
0.0,policy_repair_from_failed_rollouts,false_rejection_rate,0.31979166666666664,0.13979808677829758,10
0.0,policy_repair_from_failed_rollouts,calibration_error,0.1715526202498101,0.08610018024737186,10
0.0,policy_repair_from_failed_rollouts,test_informativeness,0.016918976690328092,0.008349697482233265,10
0.0,policy_repair_from_failed_rollouts,assumption_coverage,0.43072916666666666,0.08594355085319766,10
0.0,policy_repair_from_failed_rollouts,counterfactual_test_validity,0.3086633333333334,0.027616682580826075,10
0.0,policy_repair_from_failed_rollouts,task_success,0.743287037037037,0.0764429032751502,10
0.0,policy_repair_from_failed_rollouts,physical_violation_rate,0.2826388888888889,0.07543694854436457,10
0.0,policy_repair_from_failed_rollouts,damage_spill_collision_rate,0.046064814814814815,0.03210628309995944,10
0.0,policy_repair_from_failed_rollouts,test_query_cost,0.0043544175,0.001408264307262202,10
0.0,policy_repair_from_failed_rollouts,human_query_burden,0.0,0.0,10
0.0,policy_repair_from_failed_rollouts,planning_regret_to_oracle,0.09882089698424842,0.017984255584478245,10
0.0,policy_repair_from_failed_rollouts,robust_utility,0.27288781661323086,0.15842762558821943,10
0.0,risk_bounded_executable_common_sense_tests_v5,assumption_diagnosis_accuracy,0.7800925925925926,0.08414406497295115,10
0.0,risk_bounded_executable_common_sense_tests_v5,unsafe_affordance_rejection_recall,0.624188988095238,0.10787570684249657,10
0.0,risk_bounded_executable_common_sense_tests_v5,false_rejection_rate,0.470625,0.1961108342533806,10
0.0,risk_bounded_executable_common_sense_tests_v5,calibration_error,0.17210936916052288,0.06325581989258937,10
0.0,risk_bounded_executable_common_sense_tests_v5,test_informativeness,0.06855135328869494,0.019494765156340754,10
0.0,risk_bounded_executable_common_sense_tests_v5,assumption_coverage,0.35546875,0.06716177416254922,10
0.0,risk_bounded_executable_common_sense_tests_v5,counterfactual_test_validity,0.4168172222222223,0.056357276066257754,10
0.0,risk_bounded_executable_common_sense_tests_v5,task_success,0.8363425925925926,0.06093101666412453,10
0.0,risk_bounded_executable_common_sense_tests_v5,physical_violation_rate,0.23773148148148146,0.06960093485710359,10
0.0,risk_bounded_executable_common_sense_tests_v5,damage_spill_collision_rate,0.054629629629629625,0.03436853387938067,10
0.0,risk_bounded_executable_common_sense_tests_v5,test_query_cost,0.0108146571875,0.0025785141802637684,10
0.0,risk_bounded_executable_common_sense_tests_v5,human_query_burden,0.0,0.0,10
0.0,risk_bounded_executable_common_sense_tests_v5,planning_regret_to_oracle,0.0869794598335532,0.014814572670156598,10
0.0,risk_bounded_executable_common_sense_tests_v5,robust_utility,0.40925469284207505,0.11152739130739944,10
0.0,sequential_3d_affordance_reasoner,assumption_diagnosis_accuracy,0.5891203703703703,0.08401689382968339,10
0.0,sequential_3d_affordance_reasoner,unsafe_affordance_rejection_recall,0.031438492063492064,0.05758077671454905,10
0.0,sequential_3d_affordance_reasoner,false_rejection_rate,0.029260912698412696,0.03840487107515637,10
0.0,sequential_3d_affordance_reasoner,calibration_error,0.20792159595754908,0.07501197914753023,10
0.0,sequential_3d_affordance_reasoner,test_informativeness,0.019710525226428587,0.008960017793370781,10
0.0,sequential_3d_affordance_reasoner,assumption_coverage,0.465625,0.057454570167236055,10
0.0,sequential_3d_affordance_reasoner,counterfactual_test_validity,0.22371000000000002,0.03072044259351674,10
0.0,sequential_3d_affordance_reasoner,task_success,0.6974537037037037,0.12390726690934292,10
0.0,sequential_3d_affordance_reasoner,physical_violation_rate,0.27337962962962964,0.07852104008539404,10
0.0,sequential_3d_affordance_reasoner,damage_spill_collision_rate,0.03449074074074074,0.029999769628999137,10
0.0,sequential_3d_affordance_reasoner,test_query_cost,0.005006200000000001,0.0018216221698801867,10
0.0,sequential_3d_affordance_reasoner,human_query_burden,0.0,0.0,10
0.0,sequential_3d_affordance_reasoner,planning_regret_to_oracle,0.12630008414282926,0.009840382553148832,10
0.0,sequential_3d_affordance_reasoner,robust_utility,0.2566589165085385,0.08313709114028742,10
0.0,uncertainty_threshold_probe,assumption_diagnosis_accuracy,0.4388888888888889,0.10808818257617261,10
0.0,uncertainty_threshold_probe,unsafe_affordance_rejection_recall,0.25476190476190474,0.1458770314160289,10
0.0,uncertainty_threshold_probe,false_rejection_rate,0.27730158730158727,0.09363251229428318,10
0.0,uncertainty_threshold_probe,calibration_error,0.1639433479185859,0.07433115204993797,10
0.0,uncertainty_threshold_probe,test_informativeness,0.06817498575568644,0.013140398484361243,10
0.0,uncertainty_threshold_probe,assumption_coverage,0.58125,0.07282580449899557,10
0.0,uncertainty_threshold_probe,counterfactual_test_validity,0.35206944444444443,0.04972845710868786,10
0.0,uncertainty_threshold_probe,task_success,0.5986111111111111,0.07649300324736207,10
0.0,uncertainty_threshold_probe,physical_violation_rate,0.21782407407407406,0.09822903477459226,10
0.0,uncertainty_threshold_probe,damage_spill_collision_rate,0.07777777777777778,0.04953111037197418,10
0.0,uncertainty_threshold_probe,test_query_cost,0.016982147951388887,0.0031795439978143493,10
0.0,uncertainty_threshold_probe,human_query_burden,0.0,0.0,10
0.0,uncertainty_threshold_probe,planning_regret_to_oracle,0.14683108571204412,0.02350375636960816,10
0.0,uncertainty_threshold_probe,robust_utility,0.13892186073840135,0.1953532246874569,10
0.2,active_perception_planner,assumption_diagnosis_accuracy,0.7280092592592593,0.07634949507985192,10
0.2,active_perception_planner,unsafe_affordance_rejection_recall,0.26643518518518516,0.062081207234748755,10
0.2,active_perception_planner,false_rejection_rate,0.13109623015873015,0.09338191992660394,10
0.2,active_perception_planner,calibration_error,0.176188042642712,0.06627673767681219,10
0.2,active_perception_planner,test_informativeness,0.03582758740119427,0.014446344748468235,10
0.2,active_perception_planner,assumption_coverage,0.36875,0.052864756545054674,10
0.2,active_perception_planner,counterfactual_test_validity,0.30561851851851857,0.04318882588442279,10
0.2,active_perception_planner,task_success,0.7706018518518518,0.11556626886769339,10
0.2,active_perception_planner,physical_violation_rate,0.230787037037037,0.08666690853480019,10
0.2,active_perception_planner,damage_spill_collision_rate,0.08009259259259259,0.0422006776669458,10
0.2,active_perception_planner,test_query_cost,0.011061526875000002,0.002464374057030776,10
0.2,active_perception_planner,human_query_burden,0.0,0.0,10
0.2,active_perception_planner,planning_regret_to_oracle,0.10533455346918869,0.01874220221209995,10
0.2,active_perception_planner,robust_utility,0.33757447645924726,0.1342115607655306,10
0.2,conformal_risk_filter,assumption_diagnosis_accuracy,0.525,0.14800263288212012,10
0.2,conformal_risk_filter,unsafe_affordance_rejection_recall,0.4981894841269841,0.13565947156394415,10
0.2,conformal_risk_filter,false_rejection_rate,0.4394890873015873,0.1331230797090003,10
0.2,conformal_risk_filter,calibration_error,0.19253714898576435,0.07875580444199172,10
0.2,conformal_risk_filter,test_informativeness,0.04656999313660244,0.013137949691560749,10
0.2,conformal_risk_filter,assumption_coverage,0.50078125,0.06565707999340231,10
0.2,conformal_risk_filter,counterfactual_test_validity,0.2793314074074074,0.05188988928023799,10
0.2,conformal_risk_filter,task_success,0.6631944444444444,0.07458563230702835,10
0.2,conformal_risk_filter,physical_violation_rate,0.17337962962962963,0.09314735808065562,10
0.2,conformal_risk_filter,damage_spill_collision_rate,0.028009259259259258,0.025899996035129474,10
0.2,conformal_risk_filter,test_query_cost,0.011962704280555559,0.003050585137327149,10
0.2,conformal_risk_filter,human_query_burden,0.0,0.0,10
0.2,conformal_risk_filter,planning_regret_to_oracle,0.11284210867294309,0.024760106227757376,10
0.2,conformal_risk_filter,robust_utility,0.3171906830792715,0.20156198662093758,10
0.2,executable_common_sense_tests_v4,assumption_diagnosis_accuracy,0.673611111111111,0.09149378884573511,10
0.2,executable_common_sense_tests_v4,unsafe_affordance_rejection_recall,0.3729340277777778,0.1254098799888208,10
0.2,executable_common_sense_tests_v4,false_rejection_rate,0.3700347222222222,0.09128559390095158,10
0.2,executable_common_sense_tests_v4,calibration_error,0.1861614775708704,0.09028082865799765,10
0.2,executable_common_sense_tests_v4,test_informativeness,0.0819127032850973,0.019391470282395726,10
0.2,executable_common_sense_tests_v4,assumption_coverage,0.4440104166666667,0.06210535560893682,10
0.2,executable_common_sense_tests_v4,counterfactual_test_validity,0.4391423333333334,0.062220251118219896,10
0.2,executable_common_sense_tests_v4,task_success,0.7196759259259259,0.05404155198012606,10
0.2,executable_common_sense_tests_v4,physical_violation_rate,0.24004629629629629,0.07059609542747561,10
0.2,executable_common_sense_tests_v4,damage_spill_collision_rate,0.0724537037037037,0.04542100569499495,10
0.2,executable_common_sense_tests_v4,test_query_cost,0.014415417840277781,0.003143486574957015,10
0.2,executable_common_sense_tests_v4,human_query_burden,0.0,0.0,10
0.2,executable_common_sense_tests_v4,planning_regret_to_oracle,0.1292719329313362,0.02451673421994916,10
0.2,executable_common_sense_tests_v4,robust_utility,0.2540452771692219,0.14216574598823722,10
0.2,failure_retrieval_policy,assumption_diagnosis_accuracy,0.5729166666666666,0.09349489296366978,10
0.2,failure_retrieval_policy,unsafe_affordance_rejection_recall,0.13731150793650793,0.0989842366401014,10
0.2,failure_retrieval_policy,false_rejection_rate,0.07659226190476191,0.06008207731467145,10
0.2,failure_retrieval_policy,calibration_error,0.1844270188456513,0.08500777593666727,10
0.2,failure_retrieval_policy,test_informativeness,0.01701727216131226,0.009312230492242092,10
0.2,failure_retrieval_policy,assumption_coverage,0.5127604166666666,0.07065354096973837,10
0.2,failure_retrieval_policy,counterfactual_test_validity,0.2510931851851852,0.030705243702984945,10
0.2,failure_retrieval_policy,task_success,0.6164351851851851,0.08060405220332159,10
0.2,failure_retrieval_policy,physical_violation_rate,0.25902777777777775,0.09301958690026783,10
0.2,failure_retrieval_policy,damage_spill_collision_rate,0.09722222222222222,0.05562061177202407,10
0.2,failure_retrieval_policy,test_query_cost,0.004510290491666666,0.002053447331583783,10
0.2,failure_retrieval_policy,human_query_burden,0.0,0.0,10
0.2,failure_retrieval_policy,planning_regret_to_oracle,0.15986573937411983,0.02446574234294073,10
0.2,failure_retrieval_policy,robust_utility,0.10151795472557522,0.20597018329208647,10
0.2,human_oracle_query_policy,assumption_diagnosis_accuracy,0.85625,0.07770705246317645,10
0.2,human_oracle_query_policy,unsafe_affordance_rejection_recall,0.5468402777777778,0.20165179104628833,10
0.2,human_oracle_query_policy,false_rejection_rate,0.5751785714285714,0.16316575649869935,10
0.2,human_oracle_query_policy,calibration_error,0.1749691203601975,0.06444331326976194,10
0.2,human_oracle_query_policy,test_informativeness,0.01585308000858025,0.00802375703416315,10
0.2,human_oracle_query_policy,assumption_coverage,0.2825520833333333,0.05395978398325266,10
0.2,human_oracle_query_policy,counterfactual_test_validity,0.2514207407407407,0.03716729028361175,10
0.2,human_oracle_query_policy,task_success,0.7638888888888888,0.07280652632746998,10
0.2,human_oracle_query_policy,physical_violation_rate,0.21921296296296294,0.0811526720593074,10
0.2,human_oracle_query_policy,damage_spill_collision_rate,0.04444444444444444,0.03909230748882825,10
0.2,human_oracle_query_policy,test_query_cost,0.029672081666666666,0.00949755906629371,10
0.2,human_oracle_query_policy,human_query_burden,0.3138888888888889,0.11090599139357997,10
0.2,human_oracle_query_policy,planning_regret_to_oracle,0.10618524016108813,0.02826317809593498,10
0.2,human_oracle_query_policy,robust_utility,0.3449033790053455,0.16779378412087412,10
0.2,model_to_model_deliberation,assumption_diagnosis_accuracy,0.5729166666666666,0.09042322276627678,10
0.2,model_to_model_deliberation,unsafe_affordance_rejection_recall,0.0,0.0,10
0.2,model_to_model_deliberation,false_rejection_rate,0.051493055555555556,0.06749473935611067,10
0.2,model_to_model_deliberation,calibration_error,0.13863190045066304,0.051569235444656886,10
0.2,model_to_model_deliberation,test_informativeness,0.003745180872395602,0.0040595199528104045,10
0.2,model_to_model_deliberation,assumption_coverage,0.4825520833333333,0.07193093142145582,10
0.2,model_to_model_deliberation,counterfactual_test_validity,0.2674097777777778,0.01196648622022861,10
0.2,model_to_model_deliberation,task_success,0.5412037037037037,0.08578826687682654,10
0.2,model_to_model_deliberation,physical_violation_rate,0.30648148148148147,0.073454553342851,10
0.2,model_to_model_deliberation,damage_spill_collision_rate,0.10671296296296295,0.056556269129818565,10
0.2,model_to_model_deliberation,test_query_cost,0.0014706529333333336,0.0009042886659451543,10
0.2,model_to_model_deliberation,human_query_burden,0.0,0.0,10
0.2,model_to_model_deliberation,planning_regret_to_oracle,0.18364883905335969,0.021490412077971092,10
0.2,model_to_model_deliberation,robust_utility,-0.03829253973812883,0.16508162941863788,10
0.2,policy_repair_from_failed_rollouts,assumption_diagnosis_accuracy,0.6196759259259259,0.09036958300313071,10
0.2,policy_repair_from_failed_rollouts,unsafe_affordance_rejection_recall,0.22938988095238097,0.16614746637354239,10
0.2,policy_repair_from_failed_rollouts,false_rejection_rate,0.24263888888888888,0.14703422683957426,10
0.2,policy_repair_from_failed_rollouts,calibration_error,0.1479092593279667,0.06447654490819492,10
0.2,policy_repair_from_failed_rollouts,test_informativeness,0.01682742325534309,0.00830709372326809,10
0.2,policy_repair_from_failed_rollouts,assumption_coverage,0.47552083333333334,0.06734663754873267,10
0.2,policy_repair_from_failed_rollouts,counterfactual_test_validity,0.3024235555555556,0.026183287871028502,10
0.2,policy_repair_from_failed_rollouts,task_success,0.7037037037037037,0.0768771588061485,10
0.2,policy_repair_from_failed_rollouts,physical_violation_rate,0.32337962962962963,0.07319518731581487,10
0.2,policy_repair_from_failed_rollouts,damage_spill_collision_rate,0.05416666666666666,0.03543022804456305,10
0.2,policy_repair_from_failed_rollouts,test_query_cost,0.0049506011,0.001501107154215077,10
0.2,policy_repair_from_failed_rollouts,human_query_burden,0.0,0.0,10
0.2,policy_repair_from_failed_rollouts,planning_regret_to_oracle,0.12728609180681602,0.01903443599250295,10
0.2,policy_repair_from_failed_rollouts,robust_utility,0.1696920590485596,0.1535234095704342,10
0.2,risk_bounded_executable_common_sense_tests_v5,assumption_diagnosis_accuracy,0.7310185185185185,0.08983333333333333,10
0.2,risk_bounded_executable_common_sense_tests_v5,unsafe_affordance_rejection_recall,0.5751025132275132,0.07481343487451239,10
0.2,risk_bounded_executable_common_sense_tests_v5,false_rejection_rate,0.4316617063492063,0.21753164237422512,10
0.2,risk_bounded_executable_common_sense_tests_v5,calibration_error,0.1667338653545124,0.05387318224005331,10
0.2,risk_bounded_executable_common_sense_tests_v5,test_informativeness,0.075014220870465,0.020315777535526568,10
0.2,risk_bounded_executable_common_sense_tests_v5,assumption_coverage,0.38828125,0.05509164478691784,10
0.2,risk_bounded_executable_common_sense_tests_v5,counterfactual_test_validity,0.4290085925925926,0.05724212908350476,10
0.2,risk_bounded_executable_common_sense_tests_v5,task_success,0.8006944444444444,0.057962312888320024,10
0.2,risk_bounded_executable_common_sense_tests_v5,physical_violation_rate,0.24583333333333332,0.07637510388151798,10
0.2,risk_bounded_executable_common_sense_tests_v5,damage_spill_collision_rate,0.06967592592592592,0.03931778833138319,10
0.2,risk_bounded_executable_common_sense_tests_v5,test_query_cost,0.012720268606944444,0.002844579975974081,10
0.2,risk_bounded_executable_common_sense_tests_v5,human_query_burden,0.0,0.0,10
0.2,risk_bounded_executable_common_sense_tests_v5,planning_regret_to_oracle,0.10368206439762952,0.01409150887747582,10
0.2,risk_bounded_executable_common_sense_tests_v5,robust_utility,0.34886366514580347,0.12111957336636905,10
0.2,sequential_3d_affordance_reasoner,assumption_diagnosis_accuracy,0.5488425925925926,0.08100993658251363,10
0.2,sequential_3d_affordance_reasoner,unsafe_affordance_rejection_recall,0.03435515873015873,0.05622622835602644,10
0.2,sequential_3d_affordance_reasoner,false_rejection_rate,0.021160714285714286,0.027701946632361814,10
0.2,sequential_3d_affordance_reasoner,calibration_error,0.19069416514746632,0.07328094720324314,10
0.2,sequential_3d_affordance_reasoner,test_informativeness,0.019484114606535326,0.008845456964339552,10
0.2,sequential_3d_affordance_reasoner,assumption_coverage,0.49765625,0.06386194414072334,10
0.2,sequential_3d_affordance_reasoner,counterfactual_test_validity,0.21923944444444443,0.031317066078722776,10
0.2,sequential_3d_affordance_reasoner,task_success,0.6439814814814815,0.11929867393053924,10
0.2,sequential_3d_affordance_reasoner,physical_violation_rate,0.3229166666666667,0.07718669215737403,10
0.2,sequential_3d_affordance_reasoner,damage_spill_collision_rate,0.060648148148148145,0.04325308641975308,10
0.2,sequential_3d_affordance_reasoner,test_query_cost,0.005553837083333334,0.0019445492339586535,10
0.2,sequential_3d_affordance_reasoner,human_query_burden,0.0,0.0,10
0.2,sequential_3d_affordance_reasoner,planning_regret_to_oracle,0.1671688827027541,0.01200929240654978,10
0.2,sequential_3d_affordance_reasoner,robust_utility,0.10121536401148083,0.08527479411023163,10
0.2,uncertainty_threshold_probe,assumption_diagnosis_accuracy,0.4009259259259259,0.1162988910551665,10
0.2,uncertainty_threshold_probe,unsafe_affordance_rejection_recall,0.24889384920634922,0.11549755673388469,10
0.2,uncertainty_threshold_probe,false_rejection_rate,0.27878968253968256,0.08882101379418392,10
0.2,uncertainty_threshold_probe,calibration_error,0.15809006892621422,0.07904695494533397,10
0.2,uncertainty_threshold_probe,test_informativeness,0.07191151363664355,0.013697997586156927,10
0.2,uncertainty_threshold_probe,assumption_coverage,0.603125,0.0597533978707384,10
0.2,uncertainty_threshold_probe,counterfactual_test_validity,0.34836796296296296,0.055556030889834976,10
0.2,uncertainty_threshold_probe,task_success,0.5444444444444444,0.08299678130172992,10
0.2,uncertainty_threshold_probe,physical_violation_rate,0.24004629629629629,0.09762082998031113,10
0.2,uncertainty_threshold_probe,damage_spill_collision_rate,0.09097222222222222,0.054411036560923935,10
0.2,uncertainty_threshold_probe,test_query_cost,0.019130825472222224,0.0035249412586973073,10
0.2,uncertainty_threshold_probe,human_query_burden,0.0,0.0,10
0.2,uncertainty_threshold_probe,planning_regret_to_oracle,0.17723234752503797,0.023832826631709884,10
0.2,uncertainty_threshold_probe,robust_utility,0.02803156574916628,0.19672014732664725,10
0.4,active_perception_planner,assumption_diagnosis_accuracy,0.7076388888888889,0.07741097621333869,10
0.4,active_perception_planner,unsafe_affordance_rejection_recall,0.21292576058201057,0.06750935376188098,10
0.4,active_perception_planner,false_rejection_rate,0.11984623015873017,0.09451339816841792,10
0.4,active_perception_planner,calibration_error,0.18028331196616496,0.06027690189406292,10
0.4,active_perception_planner,test_informativeness,0.03910417509548576,0.013732699795875235,10
0.4,active_perception_planner,assumption_coverage,0.39739583333333334,0.04438114578811647,10
0.4,active_perception_planner,counterfactual_test_validity,0.304413287037037,0.035416189841709224,10
0.4,active_perception_planner,task_success,0.7388888888888889,0.11617098862355751,10
0.4,active_perception_planner,physical_violation_rate,0.26828703703703705,0.08974583436704375,10
0.4,active_perception_planner,damage_spill_collision_rate,0.1074074074074074,0.05944576681477252,10
0.4,active_perception_planner,test_query_cost,0.013108254208333335,0.002490326552637273,10
0.4,active_perception_planner,human_query_burden,0.0,0.0,10
0.4,active_perception_planner,planning_regret_to_oracle,0.1388910333808693,0.022628348525967165,10
0.4,active_perception_planner,robust_utility,0.2191734009065253,0.152611242164098,10
0.4,conformal_risk_filter,assumption_diagnosis_accuracy,0.48310185185185184,0.1436665511944195,10
0.4,conformal_risk_filter,unsafe_affordance_rejection_recall,0.47057374338624336,0.11574832149957816,10
0.4,conformal_risk_filter,false_rejection_rate,0.41108630952380953,0.1160661614299771,10
0.4,conformal_risk_filter,calibration_error,0.1746760151360383,0.08331203318585566,10
0.4,conformal_risk_filter,test_informativeness,0.04924475669245822,0.01387907225862725,10
0.4,conformal_risk_filter,assumption_coverage,0.5138020833333333,0.055383017775213914,10
0.4,conformal_risk_filter,counterfactual_test_validity,0.2810902222222222,0.05353274408026755,10
0.4,conformal_risk_filter,task_success,0.6053240740740741,0.08783656312578342,10
0.4,conformal_risk_filter,physical_violation_rate,0.1824074074074074,0.09277917189263309,10
0.4,conformal_risk_filter,damage_spill_collision_rate,0.0449074074074074,0.03494271336770132,10
0.4,conformal_risk_filter,test_query_cost,0.013553217491666665,0.003431856452589058,10
0.4,conformal_risk_filter,human_query_burden,0.0,0.0,10
0.4,conformal_risk_filter,planning_regret_to_oracle,0.13636379811092975,0.02566641735089344,10
0.4,conformal_risk_filter,robust_utility,0.22232725630254668,0.20622723775836033,10
0.4,executable_common_sense_tests_v4,assumption_diagnosis_accuracy,0.6347222222222222,0.0850411756872037,10
0.4,executable_common_sense_tests_v4,unsafe_affordance_rejection_recall,0.36673859126984126,0.12664563846686733,10
0.4,executable_common_sense_tests_v4,false_rejection_rate,0.379375,0.10816981397641731,10
0.4,executable_common_sense_tests_v4,calibration_error,0.16590074240158847,0.0894700127108894,10
0.4,executable_common_sense_tests_v4,test_informativeness,0.08615398778312938,0.018700103814679465,10
0.4,executable_common_sense_tests_v4,assumption_coverage,0.46458333333333335,0.05312694077791186,10
0.4,executable_common_sense_tests_v4,counterfactual_test_validity,0.4441146111111111,0.05920988536475933,10
0.4,executable_common_sense_tests_v4,task_success,0.6851851851851851,0.05970222812664603,10
0.4,executable_common_sense_tests_v4,physical_violation_rate,0.26087962962962963,0.07577757393954215,10
0.4,executable_common_sense_tests_v4,damage_spill_collision_rate,0.07685185185185185,0.04573589384693106,10
0.4,executable_common_sense_tests_v4,test_query_cost,0.016137052958333332,0.0032050478121220145,10
0.4,executable_common_sense_tests_v4,human_query_burden,0.0,0.0,10
0.4,executable_common_sense_tests_v4,planning_regret_to_oracle,0.15313681100422616,0.026852539345489746,10
0.4,executable_common_sense_tests_v4,robust_utility,0.17754646331689478,0.15965714702056416,10
0.4,failure_retrieval_policy,assumption_diagnosis_accuracy,0.5386574074074074,0.11027281766961529,10
0.4,failure_retrieval_policy,unsafe_affordance_rejection_recall,0.10881696428571429,0.08560553406369634,10
0.4,failure_retrieval_policy,false_rejection_rate,0.05826388888888889,0.059759064533305296,10
0.4,failure_retrieval_policy,calibration_error,0.19400217219566618,0.08736631811229927,10
0.4,failure_retrieval_policy,test_informativeness,0.017585831726879983,0.009198168086736734,10
0.4,failure_retrieval_policy,assumption_coverage,0.534375,0.0747016293649874,10
0.4,failure_retrieval_policy,counterfactual_test_validity,0.2525465740740741,0.02958454136461547,10
0.4,failure_retrieval_policy,task_success,0.5486111111111112,0.0789003945028501,10
0.4,failure_retrieval_policy,physical_violation_rate,0.2835648148148148,0.0862918787725545,10
0.4,failure_retrieval_policy,damage_spill_collision_rate,0.1298611111111111,0.0722466066912674,10
0.4,failure_retrieval_policy,test_query_cost,0.005077111048611111,0.0021719648946781026,10
0.4,failure_retrieval_policy,human_query_burden,0.0,0.0,10
0.4,failure_retrieval_policy,planning_regret_to_oracle,0.19755275389574775,0.023862222422253426,10
0.4,failure_retrieval_policy,robust_utility,-0.050145809716698735,0.20247783128474436,10
0.4,human_oracle_query_policy,assumption_diagnosis_accuracy,0.8219907407407407,0.07507832932743232,10
0.4,human_oracle_query_policy,unsafe_affordance_rejection_recall,0.48296875,0.1809235715533593,10
0.4,human_oracle_query_policy,false_rejection_rate,0.5429513888888888,0.17025200650155908,10
0.4,human_oracle_query_policy,calibration_error,0.16766177931723814,0.06296112843620409,10
0.4,human_oracle_query_policy,test_informativeness,0.015825590736642577,0.007967654716148687,10
0.4,human_oracle_query_policy,assumption_coverage,0.31666666666666665,0.05130301148342579,10
0.4,human_oracle_query_policy,counterfactual_test_validity,0.2489254259259259,0.03532849450830451,10
0.4,human_oracle_query_policy,task_success,0.7284722222222222,0.08066928971472848,10
0.4,human_oracle_query_policy,physical_violation_rate,0.24560185185185185,0.07324017034265669,10
0.4,human_oracle_query_policy,damage_spill_collision_rate,0.04953703703703703,0.036196596610145515,10
0.4,human_oracle_query_policy,test_query_cost,0.03503821622962963,0.008931726436663108,10
0.4,human_oracle_query_policy,human_query_burden,0.35324074074074074,0.09630970664774137,10
0.4,human_oracle_query_policy,planning_regret_to_oracle,0.1259780176297458,0.028928589769308212,10
0.4,human_oracle_query_policy,robust_utility,0.26285122325468924,0.1737314580991342,10
0.4,model_to_model_deliberation,assumption_diagnosis_accuracy,0.5101851851851852,0.07837161504142032,10
0.4,model_to_model_deliberation,unsafe_affordance_rejection_recall,0.0,0.0,10
0.4,model_to_model_deliberation,false_rejection_rate,0.057187499999999995,0.07518104816803027,10
0.4,model_to_model_deliberation,calibration_error,0.12115485330633223,0.031995482489441104,10
0.4,model_to_model_deliberation,test_informativeness,0.0036406016775262055,0.003944102208572252,10
0.4,model_to_model_deliberation,assumption_coverage,0.5330729166666667,0.05683275600557343,10
0.4,model_to_model_deliberation,counterfactual_test_validity,0.26651955555555557,0.01081861491437992,10
0.4,model_to_model_deliberation,task_success,0.5009259259259259,0.09441737710251143,10
0.4,model_to_model_deliberation,physical_violation_rate,0.3331018518518518,0.07671171273856989,10
0.4,model_to_model_deliberation,damage_spill_collision_rate,0.11574074074074074,0.06105083072594007,10
0.4,model_to_model_deliberation,test_query_cost,0.0016582758666666667,0.0009602185400902585,10
0.4,model_to_model_deliberation,human_query_burden,0.0,0.0,10
0.4,model_to_model_deliberation,planning_regret_to_oracle,0.21776041079665778,0.024022395180984767,10
0.4,model_to_model_deliberation,robust_utility,-0.1362101584519346,0.18052900116926648,10
0.4,policy_repair_from_failed_rollouts,assumption_diagnosis_accuracy,0.5601851851851851,0.10174389152915479,10
0.4,policy_repair_from_failed_rollouts,unsafe_affordance_rejection_recall,0.1944295634920635,0.14939268732989971,10
0.4,policy_repair_from_failed_rollouts,false_rejection_rate,0.13854166666666667,0.1446256615646915,10
0.4,policy_repair_from_failed_rollouts,calibration_error,0.14999300952017708,0.05226225577544031,10
0.4,policy_repair_from_failed_rollouts,test_informativeness,0.01676475078265771,0.008219682585448201,10
0.4,policy_repair_from_failed_rollouts,assumption_coverage,0.5161458333333333,0.06143781005410125,10
0.4,policy_repair_from_failed_rollouts,counterfactual_test_validity,0.29959596296296304,0.026142272562325156,10
0.4,policy_repair_from_failed_rollouts,task_success,0.6423611111111112,0.07074884987079245,10
0.4,policy_repair_from_failed_rollouts,physical_violation_rate,0.35416666666666663,0.07263039139369216,10
0.4,policy_repair_from_failed_rollouts,damage_spill_collision_rate,0.06828703703703703,0.0381773686732625,10
0.4,policy_repair_from_failed_rollouts,test_query_cost,0.005553110433333333,0.001588516105441177,10
0.4,policy_repair_from_failed_rollouts,human_query_burden,0.0,0.0,10
0.4,policy_repair_from_failed_rollouts,planning_regret_to_oracle,0.15805239043759933,0.02236874823658038,10
0.4,policy_repair_from_failed_rollouts,robust_utility,0.053407679711946474,0.15594779151083205,10
0.4,risk_bounded_executable_common_sense_tests_v5,assumption_diagnosis_accuracy,0.7122685185185185,0.08688830656530785,10
0.4,risk_bounded_executable_common_sense_tests_v5,unsafe_affordance_rejection_recall,0.5628621031746032,0.09500030672826086,10
0.4,risk_bounded_executable_common_sense_tests_v5,false_rejection_rate,0.45444940476190476,0.2451805953264478,10
0.4,risk_bounded_executable_common_sense_tests_v5,calibration_error,0.16255956304746885,0.05885442512370106,10
0.4,risk_bounded_executable_common_sense_tests_v5,test_informativeness,0.08296595497977605,0.019375736972615232,10
0.4,risk_bounded_executable_common_sense_tests_v5,assumption_coverage,0.41510416666666666,0.05461007791212076,10
0.4,risk_bounded_executable_common_sense_tests_v5,counterfactual_test_validity,0.4440909259259259,0.060067077960974685,10
0.4,risk_bounded_executable_common_sense_tests_v5,task_success,0.7402777777777777,0.0739374650807676,10
0.4,risk_bounded_executable_common_sense_tests_v5,physical_violation_rate,0.25763888888888886,0.0773873357544861,10
0.4,risk_bounded_executable_common_sense_tests_v5,damage_spill_collision_rate,0.08032407407407406,0.0435390111325212,10
0.4,risk_bounded_executable_common_sense_tests_v5,test_query_cost,0.014954744243055556,0.0028653166057978855,10
0.4,risk_bounded_executable_common_sense_tests_v5,human_query_burden,0.0,0.0,10
0.4,risk_bounded_executable_common_sense_tests_v5,planning_regret_to_oracle,0.12457599126881601,0.015023278383197256,10
0.4,risk_bounded_executable_common_sense_tests_v5,robust_utility,0.2541873779706294,0.14349234452716852,10
0.4,sequential_3d_affordance_reasoner,assumption_diagnosis_accuracy,0.505787037037037,0.08930334004722844,10
0.4,sequential_3d_affordance_reasoner,unsafe_affordance_rejection_recall,0.04425099206349206,0.062491210426185814,10
0.4,sequential_3d_affordance_reasoner,false_rejection_rate,0.00871031746031746,0.012356797832565566,10
0.4,sequential_3d_affordance_reasoner,calibration_error,0.19111901163476627,0.06183140820079268,10
0.4,sequential_3d_affordance_reasoner,test_informativeness,0.01931165655237837,0.008745040704764612,10
0.4,sequential_3d_affordance_reasoner,assumption_coverage,0.5234375,0.0660743744948976,10
0.4,sequential_3d_affordance_reasoner,counterfactual_test_validity,0.21695466666666668,0.030927464450109413,10
0.4,sequential_3d_affordance_reasoner,task_success,0.5784722222222222,0.10292054042310798,10
0.4,sequential_3d_affordance_reasoner,physical_violation_rate,0.3766203703703703,0.07825727666348313,10
0.4,sequential_3d_affordance_reasoner,damage_spill_collision_rate,0.09930555555555555,0.0585238697773342,10
0.4,sequential_3d_affordance_reasoner,test_query_cost,0.006114469138888889,0.0020714547195416727,10
0.4,sequential_3d_affordance_reasoner,human_query_burden,0.0,0.0,10
0.4,sequential_3d_affordance_reasoner,planning_regret_to_oracle,0.21113028345636767,0.01448943685292126,10
0.4,sequential_3d_affordance_reasoner,robust_utility,-0.08692321718325655,0.07449006738747427,10
0.4,uncertainty_threshold_probe,assumption_diagnosis_accuracy,0.37546296296296294,0.1039693382895858,10
0.4,uncertainty_threshold_probe,unsafe_affordance_rejection_recall,0.22909722222222223,0.11664372734871384,10
0.4,uncertainty_threshold_probe,false_rejection_rate,0.2521527777777778,0.10140510209449823,10
0.4,uncertainty_threshold_probe,calibration_error,0.14250384502809366,0.0737783245980456,10
0.4,uncertainty_threshold_probe,test_informativeness,0.07496496039815842,0.014098220970236212,10
0.4,uncertainty_threshold_probe,assumption_coverage,0.6106770833333334,0.05113940295342594,10
0.4,uncertainty_threshold_probe,counterfactual_test_validity,0.3527891296296296,0.05606111326030963,10
0.4,uncertainty_threshold_probe,task_success,0.49027777777777776,0.10212040707680958,10
0.4,uncertainty_threshold_probe,physical_violation_rate,0.28379629629629627,0.09454325924796146,10
0.4,uncertainty_threshold_probe,damage_spill_collision_rate,0.10208333333333333,0.06214415917207658,10
0.4,uncertainty_threshold_probe,test_query_cost,0.021231059056944446,0.0038430008921320927,10
0.4,uncertainty_threshold_probe,human_query_burden,0.0,0.0,10
0.4,uncertainty_threshold_probe,planning_regret_to_oracle,0.21137045376668326,0.02476254820508733,10
0.4,uncertainty_threshold_probe,robust_utility,-0.10929953148779359,0.20444166157950475,10
0.6,active_perception_planner,assumption_diagnosis_accuracy,0.6891203703703703,0.08257476653714084,10
0.6,active_perception_planner,unsafe_affordance_rejection_recall,0.17751984126984127,0.041707184789264294,10
0.6,active_perception_planner,false_rejection_rate,0.11837301587301588,0.0998949932604129,10
0.6,active_perception_planner,calibration_error,0.17918032391143257,0.07129299090186246,10
0.6,active_perception_planner,test_informativeness,0.041082135967221774,0.013670795993624345,10
0.6,active_perception_planner,assumption_coverage,0.40729166666666666,0.04329825804008235,10
0.6,active_perception_planner,counterfactual_test_validity,0.28407374074074077,0.03966907374657254,10
0.6,active_perception_planner,task_success,0.6858796296296296,0.10271054232217462,10
0.6,active_perception_planner,physical_violation_rate,0.3104166666666667,0.09333868690350207,10
0.6,active_perception_planner,damage_spill_collision_rate,0.15300925925925926,0.055909560481947625,10
0.6,active_perception_planner,test_query_cost,0.014969436766666667,0.0026262737872656664,10
0.6,active_perception_planner,human_query_burden,0.0,0.0,10
0.6,active_perception_planner,planning_regret_to_oracle,0.1806683983722693,0.022893312820240333,10
0.6,active_perception_planner,robust_utility,0.05171306181061726,0.1497348894495467,10
0.6,conformal_risk_filter,assumption_diagnosis_accuracy,0.43425925925925923,0.13416509412410169,10
0.6,conformal_risk_filter,unsafe_affordance_rejection_recall,0.3890616732804233,0.14399399612327407,10
0.6,conformal_risk_filter,false_rejection_rate,0.33729166666666666,0.15958843812280382,10
0.6,conformal_risk_filter,calibration_error,0.15650607140346462,0.08357404647713645,10
0.6,conformal_risk_filter,test_informativeness,0.05168056937313506,0.014005345293077997,10
0.6,conformal_risk_filter,assumption_coverage,0.5546875,0.053721876165868064,10
0.6,conformal_risk_filter,counterfactual_test_validity,0.28055696296296295,0.053893362595639344,10
0.6,conformal_risk_filter,task_success,0.5590277777777778,0.06896113883769024,10
0.6,conformal_risk_filter,physical_violation_rate,0.22268518518518518,0.0953756698755331,10
0.6,conformal_risk_filter,damage_spill_collision_rate,0.06157407407407407,0.04801167585220785,10
0.6,conformal_risk_filter,test_query_cost,0.01512756082916667,0.003656308912449981,10
0.6,conformal_risk_filter,human_query_burden,0.0,0.0,10
0.6,conformal_risk_filter,planning_regret_to_oracle,0.16748978223643057,0.029067013322363635,10
0.6,conformal_risk_filter,robust_utility,0.0996919717506259,0.20663132916592702,10
0.6,executable_common_sense_tests_v4,assumption_diagnosis_accuracy,0.6081018518518518,0.08803112049703801,10
0.6,executable_common_sense_tests_v4,unsafe_affordance_rejection_recall,0.3405373677248677,0.13851587443835467,10
0.6,executable_common_sense_tests_v4,false_rejection_rate,0.41,0.15154090161960604,10
0.6,executable_common_sense_tests_v4,calibration_error,0.1609128470940957,0.09284142938043478,10
0.6,executable_common_sense_tests_v4,test_informativeness,0.09037566136714169,0.01746088081566617,10
0.6,executable_common_sense_tests_v4,assumption_coverage,0.484375,0.05267165866519878,10
0.6,executable_common_sense_tests_v4,counterfactual_test_validity,0.43738192592592595,0.06719468351125309,10
0.6,executable_common_sense_tests_v4,task_success,0.6247685185185186,0.09559759424152663,10
0.6,executable_common_sense_tests_v4,physical_violation_rate,0.30046296296296293,0.08676647575733538,10
0.6,executable_common_sense_tests_v4,damage_spill_collision_rate,0.09583333333333333,0.03868886487748518,10
0.6,executable_common_sense_tests_v4,test_query_cost,0.017896177819444446,0.0031474044039687885,10
0.6,executable_common_sense_tests_v4,human_query_burden,0.0,0.0,10
0.6,executable_common_sense_tests_v4,planning_regret_to_oracle,0.18730355628045925,0.030259000140553664,10
0.6,executable_common_sense_tests_v4,robust_utility,0.031900557938439,0.1925737305658955,10
0.6,failure_retrieval_policy,assumption_diagnosis_accuracy,0.5004629629629629,0.11403286994339085,10
0.6,failure_retrieval_policy,unsafe_affordance_rejection_recall,0.09160714285714286,0.050937209574857714,10
0.6,failure_retrieval_policy,false_rejection_rate,0.057951388888888886,0.065173115742969,10
0.6,failure_retrieval_policy,calibration_error,0.19166137824294127,0.07931843224671992,10
0.6,failure_retrieval_policy,test_informativeness,0.01826904375479939,0.009068213520448303,10
0.6,failure_retrieval_policy,assumption_coverage,0.54921875,0.0698749044982949,10
0.6,failure_retrieval_policy,counterfactual_test_validity,0.25430059259259263,0.029796887897697497,10
0.6,failure_retrieval_policy,task_success,0.4893518518518518,0.08841520004756705,10
0.6,failure_retrieval_policy,physical_violation_rate,0.3039351851851852,0.09142639359723878,10
0.6,failure_retrieval_policy,damage_spill_collision_rate,0.16574074074074074,0.09104069763975738,10
0.6,failure_retrieval_policy,test_query_cost,0.005689941936111111,0.002284788439336731,10
0.6,failure_retrieval_policy,human_query_burden,0.0,0.0,10
0.6,failure_retrieval_policy,planning_regret_to_oracle,0.2352797437914575,0.025509064865418308,10
0.6,failure_retrieval_policy,robust_utility,-0.1903256558288185,0.21514349418073211,10
0.6,human_oracle_query_policy,assumption_diagnosis_accuracy,0.8069444444444445,0.07971711650149871,10
0.6,human_oracle_query_policy,unsafe_affordance_rejection_recall,0.4291939484126984,0.167511262615955,10
0.6,human_oracle_query_policy,false_rejection_rate,0.5521527777777777,0.20671506525827404,10
0.6,human_oracle_query_policy,calibration_error,0.1780506818357043,0.06708129503851215,10
0.6,human_oracle_query_policy,test_informativeness,0.015888474066098543,0.007851954420252522,10
0.6,human_oracle_query_policy,assumption_coverage,0.3375,0.05552995547324984,10
0.6,human_oracle_query_policy,counterfactual_test_validity,0.24756533333333333,0.03482153021585225,10
0.6,human_oracle_query_policy,task_success,0.6789351851851851,0.09619529073786964,10
0.6,human_oracle_query_policy,physical_violation_rate,0.27199074074074076,0.0800551010635473,10
0.6,human_oracle_query_policy,damage_spill_collision_rate,0.049999999999999996,0.03424185744227952,10
0.6,human_oracle_query_policy,test_query_cost,0.040933119998148144,0.00793820076541903,10
0.6,human_oracle_query_policy,human_query_burden,0.39421296296296293,0.07692489469768128,10
0.6,human_oracle_query_policy,planning_regret_to_oracle,0.14919863518140522,0.029675592914766753,10
0.6,human_oracle_query_policy,robust_utility,0.16564038710036103,0.1936076685494127,10
0.6,model_to_model_deliberation,assumption_diagnosis_accuracy,0.45023148148148145,0.09183375909728135,10
0.6,model_to_model_deliberation,unsafe_affordance_rejection_recall,0.0,0.0,10
0.6,model_to_model_deliberation,false_rejection_rate,0.06197916666666666,0.08171714135917442,10
0.6,model_to_model_deliberation,calibration_error,0.11938835432130804,0.04381220323166295,10
0.6,model_to_model_deliberation,test_informativeness,0.0035413888930332757,0.003837268946817362,10
0.6,model_to_model_deliberation,assumption_coverage,0.5611979166666666,0.05720943857086314,10
0.6,model_to_model_deliberation,counterfactual_test_validity,0.26488396296296296,0.008296950383962791,10
0.6,model_to_model_deliberation,task_success,0.4636574074074074,0.0989657796755608,10
0.6,model_to_model_deliberation,physical_violation_rate,0.36180555555555555,0.07501005883113089,10
0.6,model_to_model_deliberation,damage_spill_collision_rate,0.12037037037037036,0.06610179067681372,10
0.6,model_to_model_deliberation,test_query_cost,0.0018458987999999997,0.001016148414235363,10
0.6,model_to_model_deliberation,human_query_burden,0.0,0.0,10
0.6,model_to_model_deliberation,planning_regret_to_oracle,0.2519679003830872,0.023603690749363998,10
0.6,model_to_model_deliberation,robust_utility,-0.2331236358085764,0.17463857363465685,10
0.6,policy_repair_from_failed_rollouts,assumption_diagnosis_accuracy,0.5025462962962963,0.10992256496482823,10
0.6,policy_repair_from_failed_rollouts,unsafe_affordance_rejection_recall,0.13865823412698414,0.10507216621348224,10
0.6,policy_repair_from_failed_rollouts,false_rejection_rate,0.08329861111111111,0.08457446248892024,10
0.6,policy_repair_from_failed_rollouts,calibration_error,0.15321061690432156,0.04155668524454242,10
0.6,policy_repair_from_failed_rollouts,test_informativeness,0.016828439558958047,0.008079154944027493,10
0.6,policy_repair_from_failed_rollouts,assumption_coverage,0.5510416666666667,0.05475301014542093,10
0.6,policy_repair_from_failed_rollouts,counterfactual_test_validity,0.29179742592592595,0.01981050850481473,10
0.6,policy_repair_from_failed_rollouts,task_success,0.5743055555555555,0.07724652543374783,10
0.6,policy_repair_from_failed_rollouts,physical_violation_rate,0.3951388888888889,0.07420995645068208,10
0.6,policy_repair_from_failed_rollouts,damage_spill_collision_rate,0.10347222222222222,0.03877065617567799,10
0.6,policy_repair_from_failed_rollouts,test_query_cost,0.006176030674999999,0.0016592073786572809,10
0.6,policy_repair_from_failed_rollouts,human_query_burden,0.0,0.0,10
0.6,policy_repair_from_failed_rollouts,planning_regret_to_oracle,0.20041030768050497,0.019223802576447072,10
0.6,policy_repair_from_failed_rollouts,robust_utility,-0.11537017415133935,0.1385005828905971,10
0.6,risk_bounded_executable_common_sense_tests_v5,assumption_diagnosis_accuracy,0.69375,0.08850272239907053,10
0.6,risk_bounded_executable_common_sense_tests_v5,unsafe_affordance_rejection_recall,0.5655762235449735,0.1073657150211553,10
0.6,risk_bounded_executable_common_sense_tests_v5,false_rejection_rate,0.44635416666666666,0.2745959207919481,10
0.6,risk_bounded_executable_common_sense_tests_v5,calibration_error,0.16496222662770627,0.06310470166468693,10
0.6,risk_bounded_executable_common_sense_tests_v5,test_informativeness,0.0905301105219489,0.01907767465065415,10
0.6,risk_bounded_executable_common_sense_tests_v5,assumption_coverage,0.4200520833333333,0.056444329636290994,10
0.6,risk_bounded_executable_common_sense_tests_v5,counterfactual_test_validity,0.4554712962962963,0.06368508573944455,10
0.6,risk_bounded_executable_common_sense_tests_v5,task_success,0.6986111111111111,0.10239328573779771,10
0.6,risk_bounded_executable_common_sense_tests_v5,physical_violation_rate,0.25949074074074074,0.07998135600699817,10
0.6,risk_bounded_executable_common_sense_tests_v5,damage_spill_collision_rate,0.08680555555555555,0.04423320265842306,10
0.6,risk_bounded_executable_common_sense_tests_v5,test_query_cost,0.017215322118055557,0.0029587626198898627,10
0.6,risk_bounded_executable_common_sense_tests_v5,human_query_burden,0.0,0.0,10
0.6,risk_bounded_executable_common_sense_tests_v5,planning_regret_to_oracle,0.14127635881306042,0.01805368475682151,10
0.6,risk_bounded_executable_common_sense_tests_v5,robust_utility,0.19662788301494433,0.17359569726791907,10
0.6,sequential_3d_affordance_reasoner,assumption_diagnosis_accuracy,0.4125,0.07100233449925325,10
0.6,sequential_3d_affordance_reasoner,unsafe_affordance_rejection_recall,0.04666170634920635,0.06304498097719285,10
0.6,sequential_3d_affordance_reasoner,false_rejection_rate,0.001984126984126984,0.0038888888888888883,10
0.6,sequential_3d_affordance_reasoner,calibration_error,0.13477158042667428,0.03509747957446814,10
0.6,sequential_3d_affordance_reasoner,test_informativeness,0.019229831957485517,0.008699109036628926,10
0.6,sequential_3d_affordance_reasoner,assumption_coverage,0.5838541666666667,0.04193707912246719,10
0.6,sequential_3d_affordance_reasoner,counterfactual_test_validity,0.21361896296296298,0.031113055959375156,10
0.6,sequential_3d_affordance_reasoner,task_success,0.5111111111111111,0.09042714329320645,10
0.6,sequential_3d_affordance_reasoner,physical_violation_rate,0.42800925925925926,0.07998135600699817,10
0.6,sequential_3d_affordance_reasoner,damage_spill_collision_rate,0.13912037037037037,0.061789825066187916,10
0.6,sequential_3d_affordance_reasoner,test_query_cost,0.006703201993055556,0.0022094544288520424,10
0.6,sequential_3d_affordance_reasoner,human_query_burden,0.0,0.0,10
0.6,sequential_3d_affordance_reasoner,planning_regret_to_oracle,0.25614794979267347,0.018956966572000147,10
0.6,sequential_3d_affordance_reasoner,robust_utility,-0.27823919872060815,0.10267723724489482,10
0.6,uncertainty_threshold_probe,assumption_diagnosis_accuracy,0.31342592592592594,0.0883090745390196,10
0.6,uncertainty_threshold_probe,unsafe_affordance_rejection_recall,0.2207903439153439,0.10085676470348454,10
0.6,uncertainty_threshold_probe,false_rejection_rate,0.23541666666666666,0.11188957940421619,10
0.6,uncertainty_threshold_probe,calibration_error,0.10291766666485075,0.06421494985236915,10
0.6,uncertainty_threshold_probe,test_informativeness,0.07835101489520281,0.01466150482425765,10
0.6,uncertainty_threshold_probe,assumption_coverage,0.6450520833333333,0.03610834674915982,10
0.6,uncertainty_threshold_probe,counterfactual_test_validity,0.3544437037037037,0.0500859712151505,10
0.6,uncertainty_threshold_probe,task_success,0.4412037037037037,0.11098020855563928,10
0.6,uncertainty_threshold_probe,physical_violation_rate,0.32546296296296295,0.11340011228898494,10
0.6,uncertainty_threshold_probe,damage_spill_collision_rate,0.12638888888888888,0.07822263554612398,10
0.6,uncertainty_threshold_probe,test_query_cost,0.02345916054861111,0.004221589670523444,10
0.6,uncertainty_threshold_probe,human_query_burden,0.0,0.0,10
0.6,uncertainty_threshold_probe,planning_regret_to_oracle,0.2464832967104677,0.028634749362840755,10
0.6,uncertainty_threshold_probe,robust_utility,-0.2503553501309951,0.22529675674657548,10
0.8,active_perception_planner,assumption_diagnosis_accuracy,0.6710648148148148,0.07929206905474515,10
0.8,active_perception_planner,unsafe_affordance_rejection_recall,0.1463764880952381,0.06149345771968179,10
0.8,active_perception_planner,false_rejection_rate,0.07447916666666667,0.08493851065703623,10
0.8,active_perception_planner,calibration_error,0.1787067931673777,0.07290178904382322,10
0.8,active_perception_planner,test_informativeness,0.042548954331791934,0.013847937439686946,10
0.8,active_perception_planner,assumption_coverage,0.42630208333333336,0.04341076329316516,10
0.8,active_perception_planner,counterfactual_test_validity,0.2824699814814815,0.03795784258798229,10
0.8,active_perception_planner,task_success,0.6254629629629629,0.08145578625901245,10
0.8,active_perception_planner,physical_violation_rate,0.37523148148148144,0.11300865841101441,10
0.8,active_perception_planner,damage_spill_collision_rate,0.17199074074074072,0.06460761273491208,10
0.8,active_perception_planner,test_query_cost,0.016769763318055558,0.002808062239404902,10
0.8,active_perception_planner,human_query_burden,0.0,0.0,10
0.8,active_perception_planner,planning_regret_to_oracle,0.22116363805100944,0.02956955530337625,10
0.8,active_perception_planner,robust_utility,-0.12207311226049627,0.18456107041476782,10
0.8,conformal_risk_filter,assumption_diagnosis_accuracy,0.40879629629629627,0.1258598752580405,10
0.8,conformal_risk_filter,unsafe_affordance_rejection_recall,0.3586574074074074,0.12285495111740655,10
0.8,conformal_risk_filter,false_rejection_rate,0.3290625,0.16507780441871245,10
0.8,conformal_risk_filter,calibration_error,0.1565727691561605,0.0734960987993245,10
0.8,conformal_risk_filter,test_informativeness,0.05418401223149202,0.014046568461737314,10
0.8,conformal_risk_filter,assumption_coverage,0.5627604166666667,0.05573938001340299,10
0.8,conformal_risk_filter,counterfactual_test_validity,0.2792550925925926,0.05406077990480053,10
0.8,conformal_risk_filter,task_success,0.4949074074074074,0.06667643789846317,10
0.8,conformal_risk_filter,physical_violation_rate,0.2488425925925926,0.09724570875433243,10
0.8,conformal_risk_filter,damage_spill_collision_rate,0.07893518518518518,0.06301402016344432,10
0.8,conformal_risk_filter,test_query_cost,0.016796108923611112,0.0038697475944381504,10
0.8,conformal_risk_filter,human_query_burden,0.0,0.0,10
0.8,conformal_risk_filter,planning_regret_to_oracle,0.1994244596919657,0.02954927942195014,10
0.8,conformal_risk_filter,robust_utility,-0.02884564711816063,0.208023548036139,10
0.8,executable_common_sense_tests_v4,assumption_diagnosis_accuracy,0.5888888888888889,0.09679768488982823,10
0.8,executable_common_sense_tests_v4,unsafe_affordance_rejection_recall,0.3160763888888889,0.1376857494773487,10
0.8,executable_common_sense_tests_v4,false_rejection_rate,0.3897569444444444,0.18681718297892572,10
0.8,executable_common_sense_tests_v4,calibration_error,0.15896238053384418,0.10467359956117221,10
0.8,executable_common_sense_tests_v4,test_informativeness,0.09329177725527077,0.01621320772781537,10
0.8,executable_common_sense_tests_v4,assumption_coverage,0.5013020833333334,0.054938002660132455,10
0.8,executable_common_sense_tests_v4,counterfactual_test_validity,0.4266423888888889,0.06882354309526127,10
0.8,executable_common_sense_tests_v4,task_success,0.5659722222222222,0.09540552135984696,10
0.8,executable_common_sense_tests_v4,physical_violation_rate,0.33425925925925926,0.09541019604754418,10
0.8,executable_common_sense_tests_v4,damage_spill_collision_rate,0.10254629629629629,0.04111828444165049,10
0.8,executable_common_sense_tests_v4,test_query_cost,0.019481104937499997,0.003069077596658803,10
0.8,executable_common_sense_tests_v4,human_query_burden,0.0,0.0,10
0.8,executable_common_sense_tests_v4,planning_regret_to_oracle,0.2182259367729356,0.03394452394259338,10
0.8,executable_common_sense_tests_v4,robust_utility,-0.08970564571271473,0.19467528535249506,10
0.8,failure_retrieval_policy,assumption_diagnosis_accuracy,0.45787037037037037,0.10615072336409641,10
0.8,failure_retrieval_policy,unsafe_affordance_rejection_recall,0.08357473544973545,0.055259424788612274,10
0.8,failure_retrieval_policy,false_rejection_rate,0.035416666666666666,0.06216105017711721,10
0.8,failure_retrieval_policy,calibration_error,0.16593961539090343,0.08179046491599035,10
0.8,failure_retrieval_policy,test_informativeness,0.019044525462174475,0.008811311864809088,10
0.8,failure_retrieval_policy,assumption_coverage,0.5791666666666666,0.0653483959777689,10
0.8,failure_retrieval_policy,counterfactual_test_validity,0.24806596296296296,0.027649021233829573,10
0.8,failure_retrieval_policy,task_success,0.4131944444444444,0.09217433645513798,10
0.8,failure_retrieval_policy,physical_violation_rate,0.3310185185185185,0.09744483430309618,10
0.8,failure_retrieval_policy,damage_spill_collision_rate,0.17129629629629628,0.09376543209876544,10
0.8,failure_retrieval_policy,test_query_cost,0.00636141956111111,0.0023690428276033023,10
0.8,failure_retrieval_policy,human_query_burden,0.0,0.0,10
0.8,failure_retrieval_policy,planning_regret_to_oracle,0.27078294044772,0.02482170616356047,10
0.8,failure_retrieval_policy,robust_utility,-0.3221595380192609,0.2089062822088232,10
0.8,human_oracle_query_policy,assumption_diagnosis_accuracy,0.7662037037037037,0.08795821191414514,10
0.8,human_oracle_query_policy,unsafe_affordance_rejection_recall,0.4045180224867725,0.15812665510981633,10
0.8,human_oracle_query_policy,false_rejection_rate,0.5398611111111111,0.2150011281532433,10
0.8,human_oracle_query_policy,calibration_error,0.1765852738617571,0.06301440778595449,10
0.8,human_oracle_query_policy,test_informativeness,0.016044762434218544,0.00773517383117789,10
0.8,human_oracle_query_policy,assumption_coverage,0.36744791666666665,0.05044524808253792,10
0.8,human_oracle_query_policy,counterfactual_test_validity,0.24598037037037035,0.03455354216017004,10
0.8,human_oracle_query_policy,task_success,0.6240740740740741,0.09507399331653034,10
0.8,human_oracle_query_policy,physical_violation_rate,0.3101851851851852,0.09261188070708003,10
0.8,human_oracle_query_policy,damage_spill_collision_rate,0.06921296296296296,0.04597356742154333,10
0.8,human_oracle_query_policy,test_query_cost,0.04457461151388889,0.00801703184156113,10
0.8,human_oracle_query_policy,human_query_burden,0.40648148148148144,0.07271914123884345,10
0.8,human_oracle_query_policy,planning_regret_to_oracle,0.1809843909544412,0.03546418809921523,10
0.8,human_oracle_query_policy,robust_utility,0.0370568103978299,0.21703711991768174,10
0.8,model_to_model_deliberation,assumption_diagnosis_accuracy,0.4048611111111111,0.08952128379255456,10
0.8,model_to_model_deliberation,unsafe_affordance_rejection_recall,0.0,0.0,10
0.8,model_to_model_deliberation,false_rejection_rate,0.06788194444444444,0.08930654942638602,10
0.8,model_to_model_deliberation,calibration_error,0.0954414682545944,0.05883925500038202,10
0.8,model_to_model_deliberation,test_informativeness,0.0034273474162321077,0.0037099823505485695,10
0.8,model_to_model_deliberation,assumption_coverage,0.5958333333333333,0.054304964564132883,10
0.8,model_to_model_deliberation,counterfactual_test_validity,0.2643502222222222,0.007884601439824342,10
0.8,model_to_model_deliberation,task_success,0.4303240740740741,0.09427009996316964,10
0.8,model_to_model_deliberation,physical_violation_rate,0.38634259259259257,0.07371331705456836,10
0.8,model_to_model_deliberation,damage_spill_collision_rate,0.12314814814814815,0.06810863499326823,10
0.8,model_to_model_deliberation,test_query_cost,0.0020335217333333337,0.0010720782883804677,10
0.8,model_to_model_deliberation,human_query_burden,0.0,0.0,10
0.8,model_to_model_deliberation,planning_regret_to_oracle,0.28447811593162514,0.022914478788628696,10
0.8,model_to_model_deliberation,robust_utility,-0.317878044591597,0.16474169664901706,10
0.8,policy_repair_from_failed_rollouts,assumption_diagnosis_accuracy,0.43819444444444444,0.11832314630088686,10
0.8,policy_repair_from_failed_rollouts,unsafe_affordance_rejection_recall,0.12927662037037035,0.10226767275558246,10
0.8,policy_repair_from_failed_rollouts,false_rejection_rate,0.07211805555555555,0.0766031410652645,10
0.8,policy_repair_from_failed_rollouts,calibration_error,0.1497014028172827,0.0543051024737073,10
0.8,policy_repair_from_failed_rollouts,test_informativeness,0.017206957054703563,0.007743953598182039,10
0.8,policy_repair_from_failed_rollouts,assumption_coverage,0.5833333333333334,0.06330904406006604,10
0.8,policy_repair_from_failed_rollouts,counterfactual_test_validity,0.2918254074074075,0.019652325749418657,10
0.8,policy_repair_from_failed_rollouts,task_success,0.5421296296296296,0.07732746354235094,10
0.8,policy_repair_from_failed_rollouts,physical_violation_rate,0.42824074074074076,0.07796431677269973,10
0.8,policy_repair_from_failed_rollouts,damage_spill_collision_rate,0.11944444444444444,0.03530088244617169,10
0.8,policy_repair_from_failed_rollouts,test_query_cost,0.006870075912500001,0.0016821970574902427,10
0.8,policy_repair_from_failed_rollouts,human_query_burden,0.0,0.0,10
0.8,policy_repair_from_failed_rollouts,planning_regret_to_oracle,0.23428076572270462,0.02004208056975685,10
0.8,policy_repair_from_failed_rollouts,robust_utility,-0.22210550844147792,0.13498070406917945,10
0.8,risk_bounded_executable_common_sense_tests_v5,assumption_diagnosis_accuracy,0.6555555555555556,0.09805039856337257,10
0.8,risk_bounded_executable_common_sense_tests_v5,unsafe_affordance_rejection_recall,0.5456216931216931,0.12736829771593622,10
0.8,risk_bounded_executable_common_sense_tests_v5,false_rejection_rate,0.4474652777777778,0.2621419365843533,10
0.8,risk_bounded_executable_common_sense_tests_v5,calibration_error,0.1677704156365506,0.058725558704639746,10
0.8,risk_bounded_executable_common_sense_tests_v5,test_informativeness,0.09674043977022607,0.020333266731370238,10
0.8,risk_bounded_executable_common_sense_tests_v5,assumption_coverage,0.44947916666666665,0.0650108687049213,10
0.8,risk_bounded_executable_common_sense_tests_v5,counterfactual_test_validity,0.46312718518518514,0.06782612554470778,10
0.8,risk_bounded_executable_common_sense_tests_v5,task_success,0.6643518518518519,0.12746122595253417,10
0.8,risk_bounded_executable_common_sense_tests_v5,physical_violation_rate,0.2655092592592592,0.07519582858891981,10
0.8,risk_bounded_executable_common_sense_tests_v5,damage_spill_collision_rate,0.09282407407407407,0.04566407507273231,10
0.8,risk_bounded_executable_common_sense_tests_v5,test_query_cost,0.01936605458194444,0.0033029523901414734,10
0.8,risk_bounded_executable_common_sense_tests_v5,human_query_burden,0.0,0.0,10
0.8,risk_bounded_executable_common_sense_tests_v5,planning_regret_to_oracle,0.16161595438455234,0.024972218713003497,10
0.8,risk_bounded_executable_common_sense_tests_v5,robust_utility,0.1393212084658929,0.19491284949543594,10
0.8,sequential_3d_affordance_reasoner,assumption_diagnosis_accuracy,0.35625,0.0707074575489792,10
0.8,sequential_3d_affordance_reasoner,unsafe_affordance_rejection_recall,0.03115327380952381,0.04092371969671851,10
0.8,sequential_3d_affordance_reasoner,false_rejection_rate,0.0,0.0,10
0.8,sequential_3d_affordance_reasoner,calibration_error,0.1062762861440339,0.042726378675237715,10
0.8,sequential_3d_affordance_reasoner,test_informativeness,0.019216430270088302,0.008664325810208678,10
0.8,sequential_3d_affordance_reasoner,assumption_coverage,0.6270833333333333,0.05432628236528536,10
0.8,sequential_3d_affordance_reasoner,counterfactual_test_validity,0.20496922222222222,0.023697880882311183,10
0.8,sequential_3d_affordance_reasoner,task_success,0.4625,0.0806799212640197,10
0.8,sequential_3d_affordance_reasoner,physical_violation_rate,0.47662037037037036,0.08628975832498771,10
0.8,sequential_3d_affordance_reasoner,damage_spill_collision_rate,0.1486111111111111,0.06613223256565798,10
0.8,sequential_3d_affordance_reasoner,test_query_cost,0.0073168877361111115,0.002357402734622137,10
0.8,sequential_3d_affordance_reasoner,human_query_burden,0.0,0.0,10
0.8,sequential_3d_affordance_reasoner,planning_regret_to_oracle,0.2964405008143512,0.019096301142265973,10
0.8,sequential_3d_affordance_reasoner,robust_utility,-0.41120518581283255,0.11148535329945042,10
0.8,uncertainty_threshold_probe,assumption_diagnosis_accuracy,0.24652777777777776,0.08076053369780939,10
0.8,uncertainty_threshold_probe,unsafe_affordance_rejection_recall,0.16914351851851853,0.053357625070093895,10
0.8,uncertainty_threshold_probe,false_rejection_rate,0.15541666666666668,0.10809947529309277,10
0.8,uncertainty_threshold_probe,calibration_error,0.092580834058245,0.05265200360534434,10
0.8,uncertainty_threshold_probe,test_informativeness,0.0837359598940726,0.014966543516651776,10
0.8,uncertainty_threshold_probe,assumption_coverage,0.6635416666666667,0.03957914756133712,10
0.8,uncertainty_threshold_probe,counterfactual_test_validity,0.34205087037037035,0.04655878482454225,10
0.8,uncertainty_threshold_probe,task_success,0.3884259259259259,0.10377997709474454,10
0.8,uncertainty_threshold_probe,physical_violation_rate,0.3560185185185185,0.11913944039094775,10
0.8,uncertainty_threshold_probe,damage_spill_collision_rate,0.15833333333333333,0.09111101408539782,10
0.8,uncertainty_threshold_probe,test_query_cost,0.026411434026388892,0.004538075886134306,10
0.8,uncertainty_threshold_probe,human_query_burden,0.0,0.0,10
0.8,uncertainty_threshold_probe,planning_regret_to_oracle,0.285356303391247,0.026069733401191845,10
0.8,uncertainty_threshold_probe,robust_utility,-0.3854073057044074,0.2174814218191462,10
1.0,active_perception_planner,assumption_diagnosis_accuracy,0.6405092592592593,0.07856064467278605,10
1.0,active_perception_planner,unsafe_affordance_rejection_recall,0.14307126322751323,0.060808639400338524,10
1.0,active_perception_planner,false_rejection_rate,0.07586805555555555,0.09733775215219166,10
1.0,active_perception_planner,calibration_error,0.16630874449044594,0.0782727357948862,10
1.0,active_perception_planner,test_informativeness,0.04368750475979084,0.014411722775965752,10
1.0,active_perception_planner,assumption_coverage,0.44973958333333336,0.04888673855454843,10
1.0,active_perception_planner,counterfactual_test_validity,0.28135592592592595,0.036460490020411136,10
1.0,active_perception_planner,task_success,0.5724537037037036,0.06507674594468887,10
1.0,active_perception_planner,physical_violation_rate,0.4108796296296296,0.11765864711807303,10
1.0,active_perception_planner,damage_spill_collision_rate,0.18587962962962962,0.06697164615633162,10
1.0,active_perception_planner,test_query_cost,0.018532748722222225,0.003077895841905468,10
1.0,active_perception_planner,human_query_burden,0.0,0.0,10
1.0,active_perception_planner,planning_regret_to_oracle,0.25657973105908577,0.0323352615090811,10
1.0,active_perception_planner,robust_utility,-0.24861382462183923,0.19695789320005963,10
1.0,conformal_risk_filter,assumption_diagnosis_accuracy,0.34930555555555554,0.11189201702506259,10
1.0,conformal_risk_filter,unsafe_affordance_rejection_recall,0.29826719576719574,0.10472232964183197,10
1.0,conformal_risk_filter,false_rejection_rate,0.3353125,0.16957754957288532,10
1.0,conformal_risk_filter,calibration_error,0.13497568252305356,0.06669814129661315,10
1.0,conformal_risk_filter,test_informativeness,0.0569008291621817,0.01352889811211334,10
1.0,conformal_risk_filter,assumption_coverage,0.5994791666666667,0.05239504362117484,10
1.0,conformal_risk_filter,counterfactual_test_validity,0.2734253703703704,0.05213445434674878,10
1.0,conformal_risk_filter,task_success,0.44004629629629627,0.07782469735333043,10
1.0,conformal_risk_filter,physical_violation_rate,0.28055555555555556,0.11602520499388431,10
1.0,conformal_risk_filter,damage_spill_collision_rate,0.10347222222222222,0.07835074577362383,10
1.0,conformal_risk_filter,test_query_cost,0.01858510327083333,0.003918390921004072,10
1.0,conformal_risk_filter,human_query_burden,0.0,0.0,10
1.0,conformal_risk_filter,planning_regret_to_oracle,0.23914266574718251,0.030859333919487947,10
1.0,conformal_risk_filter,robust_utility,-0.16474664822455273,0.22838677984676653,10
1.0,executable_common_sense_tests_v4,assumption_diagnosis_accuracy,0.5729166666666666,0.09158186547013768,10
1.0,executable_common_sense_tests_v4,unsafe_affordance_rejection_recall,0.30302166005291004,0.12516053620684384,10
1.0,executable_common_sense_tests_v4,false_rejection_rate,0.4171875,0.1825882980587908,10
1.0,executable_common_sense_tests_v4,calibration_error,0.16575043613225146,0.09906408048395539,10
1.0,executable_common_sense_tests_v4,test_informativeness,0.09766619354433638,0.01490581907295592,10
1.0,executable_common_sense_tests_v4,assumption_coverage,0.5122395833333333,0.05188008734629705,10
1.0,executable_common_sense_tests_v4,counterfactual_test_validity,0.4302435185185185,0.06259898815574318,10
1.0,executable_common_sense_tests_v4,task_success,0.4875,0.09301651331743879,10
1.0,executable_common_sense_tests_v4,physical_violation_rate,0.3648148148148148,0.09857941993515076,10
1.0,executable_common_sense_tests_v4,damage_spill_collision_rate,0.11851851851851851,0.040057466626404734,10
1.0,executable_common_sense_tests_v4,test_query_cost,0.0213534171875,0.0029383570579183693,10
1.0,executable_common_sense_tests_v4,human_query_burden,0.0,0.0,10
1.0,executable_common_sense_tests_v4,planning_regret_to_oracle,0.25367388956557746,0.030995876196970962,10
1.0,executable_common_sense_tests_v4,robust_utility,-0.23939585654872012,0.16405335397235218,10
1.0,failure_retrieval_policy,assumption_diagnosis_accuracy,0.4122685185185185,0.09906141264620173,10
1.0,failure_retrieval_policy,unsafe_affordance_rejection_recall,0.059618055555555556,0.04808708326041073,10
1.0,failure_retrieval_policy,false_rejection_rate,0.03576388888888889,0.07009722222222223,10
1.0,failure_retrieval_policy,calibration_error,0.13681190878912414,0.08662862239474911,10
1.0,failure_retrieval_policy,test_informativeness,0.020001363765472548,0.00848800418804658,10
1.0,failure_retrieval_policy,assumption_coverage,0.5953125,0.061913726345866664,10
1.0,failure_retrieval_policy,counterfactual_test_validity,0.24181944444444445,0.028740144734272978,10
1.0,failure_retrieval_policy,task_success,0.35671296296296295,0.09284977292728003,10
1.0,failure_retrieval_policy,physical_violation_rate,0.35555555555555557,0.09595282127686074,10
1.0,failure_retrieval_policy,damage_spill_collision_rate,0.19444444444444445,0.09482540068381096,10
1.0,failure_retrieval_policy,test_query_cost,0.0071116428472222225,0.0024211263184262363,10
1.0,failure_retrieval_policy,human_query_burden,0.0,0.0,10
1.0,failure_retrieval_policy,planning_regret_to_oracle,0.3100817878707268,0.022634333015948464,10
1.0,failure_retrieval_policy,robust_utility,-0.44808490462717077,0.19888796626114827,10
1.0,human_oracle_query_policy,assumption_diagnosis_accuracy,0.7069444444444444,0.09185853698458644,10
1.0,human_oracle_query_policy,unsafe_affordance_rejection_recall,0.39365658068783066,0.13682457675661913,10
1.0,human_oracle_query_policy,false_rejection_rate,0.5342013888888889,0.21538388714361212,10
1.0,human_oracle_query_policy,calibration_error,0.15666405623890134,0.059358098745622784,10
1.0,human_oracle_query_policy,test_informativeness,0.016703892010333368,0.007549570270464466,10
1.0,human_oracle_query_policy,assumption_coverage,0.39869791666666665,0.05714970089682404,10
1.0,human_oracle_query_policy,counterfactual_test_validity,0.2432648148148148,0.03498255846687778,10
1.0,human_oracle_query_policy,task_success,0.5837962962962963,0.06306608415692688,10
1.0,human_oracle_query_policy,physical_violation_rate,0.3472222222222222,0.09405282519815614,10
1.0,human_oracle_query_policy,damage_spill_collision_rate,0.08356481481481481,0.048136563678401696,10
1.0,human_oracle_query_policy,test_query_cost,0.04998332716435185,0.008586465935324653,10
1.0,human_oracle_query_policy,human_query_burden,0.43449074074074073,0.07600059944542953,10
1.0,human_oracle_query_policy,planning_regret_to_oracle,0.20930641910564413,0.03393588518982886,10
1.0,human_oracle_query_policy,robust_utility,-0.07175523385205385,0.186120601323595,10
1.0,model_to_model_deliberation,assumption_diagnosis_accuracy,0.38425925925925924,0.08643951934443102,10
1.0,model_to_model_deliberation,unsafe_affordance_rejection_recall,0.00026041666666666666,0.0005104166666666666,10
1.0,model_to_model_deliberation,false_rejection_rate,0.07170138888888888,0.09580838938323119,10
1.0,model_to_model_deliberation,calibration_error,0.0888389338421792,0.0592059878495133,10
1.0,model_to_model_deliberation,test_informativeness,0.003330307667377712,0.003608938432868578,10
1.0,model_to_model_deliberation,assumption_coverage,0.6049479166666667,0.05624396411803357,10
1.0,model_to_model_deliberation,counterfactual_test_validity,0.2638488888888889,0.007555158044212681,10
1.0,model_to_model_deliberation,task_success,0.3662037037037037,0.08988423963960025,10
1.0,model_to_model_deliberation,physical_violation_rate,0.42314814814814816,0.06860717459814605,10
1.0,model_to_model_deliberation,damage_spill_collision_rate,0.12430555555555554,0.06773907551891067,10
1.0,model_to_model_deliberation,test_query_cost,0.0022211446666666667,0.0011280081625255722,10
1.0,model_to_model_deliberation,human_query_burden,0.0,0.0,10
1.0,model_to_model_deliberation,planning_regret_to_oracle,0.3216323307787479,0.021808016637801242,10
1.0,model_to_model_deliberation,robust_utility,-0.44734066418355284,0.1547027302575716,10
1.0,policy_repair_from_failed_rollouts,assumption_diagnosis_accuracy,0.38796296296296295,0.10344311781692106,10
1.0,policy_repair_from_failed_rollouts,unsafe_affordance_rejection_recall,0.09045552248677248,0.08570360427020794,10
1.0,policy_repair_from_failed_rollouts,false_rejection_rate,0.027395833333333335,0.048020250556616566,10
1.0,policy_repair_from_failed_rollouts,calibration_error,0.12057766704109749,0.05228910972187754,10
1.0,policy_repair_from_failed_rollouts,test_informativeness,0.01771391685971652,0.007447026171133519,10
1.0,policy_repair_from_failed_rollouts,assumption_coverage,0.6197916666666666,0.061805161515597826,10
1.0,policy_repair_from_failed_rollouts,counterfactual_test_validity,0.29204120370370373,0.020052880531426374,10
1.0,policy_repair_from_failed_rollouts,task_success,0.49074074074074076,0.08959419681900573,10
1.0,policy_repair_from_failed_rollouts,physical_violation_rate,0.46828703703703706,0.08868086088044004,10
1.0,policy_repair_from_failed_rollouts,damage_spill_collision_rate,0.14907407407407408,0.049081151364814564,10
1.0,policy_repair_from_failed_rollouts,test_query_cost,0.007602178229166667,0.0017089587565013015,10
1.0,policy_repair_from_failed_rollouts,human_query_burden,0.0,0.0,10
1.0,policy_repair_from_failed_rollouts,planning_regret_to_oracle,0.2736567702617156,0.02246752796210489,10
1.0,policy_repair_from_failed_rollouts,robust_utility,-0.36589212030264806,0.14391774376920075,10
1.0,risk_bounded_executable_common_sense_tests_v5,assumption_diagnosis_accuracy,0.6344907407407407,0.09833375807841122,10
1.0,risk_bounded_executable_common_sense_tests_v5,unsafe_affordance_rejection_recall,0.5497065145502645,0.1139178454890326,10
1.0,risk_bounded_executable_common_sense_tests_v5,false_rejection_rate,0.4005208333333333,0.2357044505544778,10
1.0,risk_bounded_executable_common_sense_tests_v5,calibration_error,0.1690740509128437,0.056740654650071484,10
1.0,risk_bounded_executable_common_sense_tests_v5,test_informativeness,0.10564234372352399,0.022027418360054448,10
1.0,risk_bounded_executable_common_sense_tests_v5,assumption_coverage,0.46380208333333334,0.05925353977435351,10
1.0,risk_bounded_executable_common_sense_tests_v5,counterfactual_test_validity,0.46349351851851855,0.06907134382740066,10
1.0,risk_bounded_executable_common_sense_tests_v5,task_success,0.6291666666666667,0.13829291116710685,10
1.0,risk_bounded_executable_common_sense_tests_v5,physical_violation_rate,0.2824074074074074,0.06941979672332056,10
1.0,risk_bounded_executable_common_sense_tests_v5,damage_spill_collision_rate,0.10671296296296295,0.059188387484379615,10
1.0,risk_bounded_executable_common_sense_tests_v5,test_query_cost,0.022023102465277777,0.0037325395546086637,10
1.0,risk_bounded_executable_common_sense_tests_v5,human_query_burden,0.0,0.0,10
1.0,risk_bounded_executable_common_sense_tests_v5,planning_regret_to_oracle,0.18380235441676784,0.029634030749457377,10
1.0,risk_bounded_executable_common_sense_tests_v5,robust_utility,0.06417154583023013,0.21572216778096082,10
1.0,sequential_3d_affordance_reasoner,assumption_diagnosis_accuracy,0.31643518518518515,0.08133566035419056,10
1.0,sequential_3d_affordance_reasoner,unsafe_affordance_rejection_recall,0.013876488095238096,0.027197916666666665,10
1.0,sequential_3d_affordance_reasoner,false_rejection_rate,0.0,0.0,10
1.0,sequential_3d_affordance_reasoner,calibration_error,0.11039930655373804,0.048216204700685966,10
1.0,sequential_3d_affordance_reasoner,test_informativeness,0.019207251490327534,0.008657962276809624,10
1.0,sequential_3d_affordance_reasoner,assumption_coverage,0.6388020833333333,0.048904499189660576,10
1.0,sequential_3d_affordance_reasoner,counterfactual_test_validity,0.20223194444444445,0.022720999959768732,10
1.0,sequential_3d_affordance_reasoner,task_success,0.41388888888888886,0.08915608076165041,10
1.0,sequential_3d_affordance_reasoner,physical_violation_rate,0.5185185185185185,0.09192275406299151,10
1.0,sequential_3d_affordance_reasoner,damage_spill_collision_rate,0.1534722222222222,0.06764784940492502,10
1.0,sequential_3d_affordance_reasoner,test_query_cost,0.007931045868055556,0.0025109453249010463,10
1.0,sequential_3d_affordance_reasoner,human_query_burden,0.0,0.0,10
1.0,sequential_3d_affordance_reasoner,planning_regret_to_oracle,0.3350748393975647,0.021411409589890858,10
1.0,sequential_3d_affordance_reasoner,robust_utility,-0.5259228941188869,0.13545443872593846,10
1.0,uncertainty_threshold_probe,assumption_diagnosis_accuracy,0.19652777777777777,0.07980099449012248,10
1.0,uncertainty_threshold_probe,unsafe_affordance_rejection_recall,0.17140128968253968,0.051021974770816554,10
1.0,uncertainty_threshold_probe,false_rejection_rate,0.14260416666666667,0.11007304657910005,10
1.0,uncertainty_threshold_probe,calibration_error,0.10591041097941367,0.041563564423751254,10
1.0,uncertainty_threshold_probe,test_informativeness,0.09144000788504349,0.014326006359981065,10
1.0,uncertainty_threshold_probe,assumption_coverage,0.6861979166666666,0.03470374595229082,10
1.0,uncertainty_threshold_probe,counterfactual_test_validity,0.3429096296296296,0.044307475245476104,10
1.0,uncertainty_threshold_probe,task_success,0.3363425925925926,0.1019999522299663,10
1.0,uncertainty_threshold_probe,physical_violation_rate,0.3766203703703703,0.1223207211980057,10
1.0,uncertainty_threshold_probe,damage_spill_collision_rate,0.18171296296296297,0.09421622273205099,10
1.0,uncertainty_threshold_probe,test_query_cost,0.030216075090277777,0.004570421786464979,10
1.0,uncertainty_threshold_probe,human_query_burden,0.0,0.0,10
1.0,uncertainty_threshold_probe,planning_regret_to_oracle,0.3195291181470185,0.024937814592824455,10
1.0,uncertainty_threshold_probe,robust_utility,-0.49904122362322445,0.21449828701495025,10
